account_id,signup_date,plan_tier,industry,mrr,arr,tenure_months,weekly_logins,support_tickets_30d,nps_score,customer_acquisition_cost,lifetime_value,ltv_to_cac_ratio,churn_status
ACCT-20000,2022-01-11,Professional,Healthcare,220.66,2647.92,24,14,5,2,644.1,5295.84,8.22,Yes
ACCT-20001,2023-09-03,Basic,E-commerce,54.26,651.12,4,3,5,4,643.46,217.04,0.34,Yes
ACCT-20002,2023-11-02,Professional,Fintech,213.09,2557.08,2,10,0,6,868.51,426.18,0.49,No
ACCT-20003,2021-07-15,Professional,E-commerce,182.89,2194.68,30,13,1,10,1391.0,5486.7,3.94,No
ACCT-20004,2023-09-03,Enterprise,EdTech,1012.83,12153.96,4,11,1,6,1014.44,4051.32,3.99,No
ACCT-20005,2021-12-12,Professional,Healthcare,219.62,2635.44,25,12,4,2,1211.26,5490.5,4.53,Yes
ACCT-20006,2023-11-02,Professional,EdTech,205.85,2470.2,2,17,1,7,1295.21,411.7,0.32,No
ACCT-20007,2023-07-05,Enterprise,Manufacturing,1118.11,13417.32,6,8,5,3,1398.76,6708.66,4.8,Yes
ACCT-20008,2022-07-10,Professional,E-commerce,219.08,2628.96,18,14,3,2,1472.37,3943.44,2.68,No
ACCT-20009,2023-10-03,Professional,Manufacturing,224.29,2691.48,3,14,0,7,982.0,672.87,0.69,No
ACCT-20010,2023-01-06,Professional,Fintech,222.79,2673.48,12,14,1,4,259.24,2673.48,10.31,Yes
ACCT-20011,2023-12-02,Professional,EdTech,208.19,2498.28,1,14,3,1,1428.53,208.19,0.15,No
ACCT-20012,2023-01-06,Professional,Manufacturing,224.17,2690.04,12,14,1,9,732.98,2690.04,3.67,No
ACCT-20013,2021-03-17,Professional,Healthcare,213.17,2558.04,34,11,0,8,288.08,7247.78,25.16,No
ACCT-20014,2023-09-03,Professional,EdTech,180.54,2166.48,4,7,1,9,1378.15,722.16,0.52,No
ACCT-20015,2022-10-08,Enterprise,Fintech,916.78,11001.36,15,15,3,7,1102.52,13751.7,12.47,No
ACCT-20016,2021-04-16,Professional,Fintech,228.55,2742.6,33,16,2,1,692.38,7542.15,10.89,No
ACCT-20017,2022-04-11,Professional,EdTech,214.77,2577.24,21,6,5,3,1069.03,4510.17,4.22,Yes
ACCT-20018,2021-08-14,Enterprise,Healthcare,1089.71,13076.52,29,12,3,1,879.68,31601.59,35.92,No
ACCT-20019,2022-05-11,Professional,Healthcare,196.39,2356.68,20,5,2,8,783.81,3927.8,5.01,No
ACCT-20020,2021-02-15,Enterprise,Healthcare,964.82,11577.84,35,16,0,5,250.96,33768.7,134.56,No
ACCT-20021,2023-08-04,Basic,Fintech,49.62,595.44,5,8,0,6,413.72,248.1,0.6,No
ACCT-20022,2021-03-17,Basic,Fintech,44.59,535.08,34,4,1,8,822.92,1516.06,1.84,No
ACCT-20023,2022-10-08,Professional,E-commerce,209.83,2517.96,15,14,0,9,824.75,3147.45,3.82,No
ACCT-20024,2022-10-08,Basic,Healthcare,52.65,631.8,15,4,1,7,279.02,789.75,2.83,No
ACCT-20025,2021-10-13,Enterprise,Manufacturing,940.42,11285.04,27,7,1,9,1305.95,25391.34,19.44,No
ACCT-20026,2021-11-12,Free,EdTech,0.0,0.0,26,3,1,6,690.75,0.0,0.0,No
ACCT-20027,2022-10-08,Professional,EdTech,226.75,2721.0,15,12,0,7,245.54,3401.25,13.85,Yes
ACCT-20028,2023-03-07,Basic,EdTech,48.77,585.24,10,4,5,4,1184.26,487.7,0.41,Yes
ACCT-20029,2023-08-04,Basic,E-commerce,45.43,545.16,5,5,0,5,905.83,227.15,0.25,No
ACCT-20030,2023-08-04,Enterprise,EdTech,1059.2,12710.4,5,9,0,7,526.43,5296.0,10.06,No
ACCT-20031,2021-07-15,Professional,Manufacturing,187.1,2245.2,30,12,1,9,924.78,5613.0,6.07,No
ACCT-20032,2023-03-07,Basic,EdTech,52.35,628.2,10,8,1,9,686.16,523.5,0.76,Yes
ACCT-20033,2021-07-15,Basic,E-commerce,49.46,593.52,30,5,2,9,751.41,1483.8,1.97,No
ACCT-20034,2022-02-10,Basic,E-commerce,54.65,655.8,23,3,3,8,1178.97,1256.95,1.07,Yes
ACCT-20035,2022-05-11,Free,EdTech,0.0,0.0,20,7,2,2,885.61,0.0,0.0,Yes
ACCT-20036,2021-03-17,Professional,Fintech,203.2,2438.4,34,8,4,3,1484.72,6908.8,4.65,Yes
ACCT-20037,2022-04-11,Professional,E-commerce,181.63,2179.56,21,7,2,5,239.08,3814.23,15.95,No
ACCT-20038,2023-11-02,Basic,Healthcare,56.32,675.84,2,6,2,8,1462.28,112.64,0.08,No
ACCT-20039,2023-06-05,Professional,Manufacturing,196.84,2362.08,7,11,0,7,205.28,1377.88,6.71,No
ACCT-20040,2022-06-10,Professional,E-commerce,210.25,2523.0,19,11,2,2,1413.89,3994.75,2.83,Yes
ACCT-20041,2022-01-11,Basic,EdTech,56.25,675.0,24,1,1,5,569.24,1350.0,2.37,Yes
ACCT-20042,2021-06-15,Free,E-commerce,0.0,0.0,31,4,6,2,304.42,0.0,0.0,Yes
ACCT-20043,2021-06-15,Basic,E-commerce,44.12,529.44,31,3,2,4,300.52,1367.72,4.55,No
ACCT-20044,2021-05-16,Professional,Healthcare,224.03,2688.36,32,13,3,8,1208.97,7168.96,5.93,No
ACCT-20045,2021-07-15,Professional,Fintech,191.68,2300.16,30,9,1,9,838.97,5750.4,6.85,No
ACCT-20046,2022-03-12,Enterprise,Healthcare,944.22,11330.64,22,11,2,6,1252.85,20772.84,16.58,No
ACCT-20047,2023-09-03,Basic,E-commerce,54.34,652.08,4,3,1,10,840.15,217.36,0.26,No
ACCT-20048,2023-11-02,Professional,Fintech,208.28,2499.36,2,6,0,7,1129.54,416.56,0.37,No
ACCT-20049,2023-01-06,Basic,Healthcare,48.51,582.12,12,4,1,7,511.36,582.12,1.14,No
ACCT-20050,2021-06-15,Enterprise,E-commerce,1039.22,12470.64,31,13,2,5,1278.25,32215.82,25.2,No
ACCT-20051,2023-02-05,Basic,Healthcare,53.85,646.2,11,6,1,6,721.89,592.35,0.82,No
ACCT-20052,2023-08-04,Free,Fintech,0.0,0.0,5,5,4,2,209.5,0.0,0.0,No
ACCT-20053,2022-04-11,Basic,E-commerce,44.31,531.72,21,5,3,3,785.36,930.51,1.18,No
ACCT-20054,2021-05-16,Basic,Manufacturing,48.92,587.04,32,2,1,1,258.35,1565.44,6.06,Yes
ACCT-20055,2023-12-02,Enterprise,Manufacturing,1061.7,12740.4,1,10,1,10,666.92,1061.7,1.59,No
ACCT-20056,2021-09-13,Enterprise,Healthcare,959.58,11514.96,28,15,1,7,1009.23,26868.24,26.62,No
ACCT-20057,2023-01-06,Basic,Fintech,52.94,635.28,12,2,0,9,383.77,635.28,1.66,No
ACCT-20058,2023-01-06,Professional,EdTech,187.11,2245.32,12,14,1,9,1347.98,2245.32,1.67,No
ACCT-20059,2023-08-04,Basic,Healthcare,47.09,565.08,5,3,2,10,378.64,235.45,0.62,No
ACCT-20060,2022-11-07,Enterprise,EdTech,1081.6,12979.2,14,12,6,2,339.51,15142.4,44.6,Yes
ACCT-20061,2022-01-11,Basic,Manufacturing,49.24,590.88,24,2,0,7,1430.62,1181.76,0.83,No
ACCT-20062,2023-03-07,Free,Manufacturing,0.0,0.0,10,2,3,3,677.25,0.0,0.0,No
ACCT-20063,2022-09-08,Free,EdTech,0.0,0.0,16,2,1,9,1001.18,0.0,0.0,No
ACCT-20064,2023-04-06,Professional,EdTech,195.58,2346.96,9,10,2,3,381.1,1760.22,4.62,Yes
ACCT-20065,2023-10-03,Free,Fintech,0.0,0.0,3,8,1,6,825.06,0.0,0.0,No
ACCT-20066,2022-01-11,Free,Healthcare,0.0,0.0,24,4,1,8,711.36,0.0,0.0,No
ACCT-20067,2022-05-11,Free,E-commerce,0.0,0.0,20,8,6,2,982.35,0.0,0.0,Yes
ACCT-20068,2021-11-12,Free,E-commerce,0.0,0.0,26,5,4,4,1097.94,0.0,0.0,Yes
ACCT-20069,2023-08-04,Professional,EdTech,214.15,2569.8,5,12,1,8,1084.55,1070.75,0.99,No
ACCT-20070,2021-04-16,Enterprise,Healthcare,1146.34,13756.08,33,7,1,1,287.31,37829.22,131.67,Yes
ACCT-20071,2022-04-11,Basic,Healthcare,45.39,544.68,21,5,2,5,1120.26,953.19,0.85,No
ACCT-20072,2021-02-15,Basic,E-commerce,54.09,649.08,35,4,2,9,678.61,1893.15,2.79,No
ACCT-20073,2022-08-09,Professional,E-commerce,197.45,2369.4,17,16,3,3,1405.6,3356.65,2.39,No
ACCT-20074,2021-07-15,Basic,Healthcare,52.0,624.0,30,7,0,7,835.07,1560.0,1.87,No
ACCT-20075,2022-11-07,Basic,Healthcare,51.15,613.8,14,4,3,5,450.27,716.1,1.59,No
ACCT-20076,2023-09-03,Enterprise,EdTech,917.44,11009.28,4,12,3,2,1042.76,3669.76,3.52,No
ACCT-20077,2021-07-15,Professional,EdTech,207.38,2488.56,30,9,3,3,1441.35,6221.4,4.32,No
ACCT-20078,2021-09-13,Basic,Healthcare,54.55,654.6,28,1,5,10,397.82,1527.4,3.84,Yes
ACCT-20079,2023-03-07,Free,Fintech,0.0,0.0,10,4,1,6,1154.84,0.0,0.0,No
ACCT-20080,2023-09-03,Professional,Manufacturing,202.5,2430.0,4,10,3,4,1290.15,810.0,0.63,Yes
ACCT-20081,2021-04-16,Enterprise,EdTech,940.44,11285.28,33,11,4,1,1243.12,31034.52,24.97,No
ACCT-20082,2021-07-15,Basic,EdTech,44.38,532.56,30,8,3,1,214.94,1331.4,6.19,No
ACCT-20083,2023-01-06,Professional,E-commerce,219.57,2634.84,12,13,1,4,721.31,2634.84,3.65,No
ACCT-20084,2021-02-15,Basic,Fintech,45.36,544.32,35,4,0,10,301.38,1587.6,5.27,No
ACCT-20085,2022-06-10,Basic,Manufacturing,56.28,675.36,19,5,3,5,417.4,1069.32,2.56,No
ACCT-20086,2021-10-13,Professional,Manufacturing,194.95,2339.4,27,13,1,10,382.0,5263.65,13.78,No
ACCT-20087,2023-01-06,Basic,Fintech,47.37,568.44,12,1,2,1,1303.36,568.44,0.44,Yes
ACCT-20088,2022-07-10,Professional,Manufacturing,190.79,2289.48,18,7,0,7,665.82,3434.22,5.16,No
ACCT-20089,2022-12-07,Basic,Healthcare,53.21,638.52,13,4,0,10,708.35,691.73,0.98,No
ACCT-20090,2023-05-06,Enterprise,Fintech,1113.64,13363.68,8,13,5,4,406.61,8909.12,21.91,Yes
ACCT-20091,2022-02-10,Basic,Manufacturing,50.81,609.72,23,3,0,10,868.44,1168.63,1.35,No
ACCT-20092,2023-11-02,Professional,EdTech,198.78,2385.36,2,7,0,9,793.58,397.56,0.5,No
ACCT-20093,2023-05-06,Basic,Fintech,49.24,590.88,8,3,0,8,1208.12,393.92,0.33,No
ACCT-20094,2022-01-11,Basic,Healthcare,52.6,631.2,24,10,0,7,1382.62,1262.4,0.91,No
ACCT-20095,2022-03-12,Professional,Healthcare,202.13,2425.56,22,10,0,7,1101.58,4446.86,4.04,No
ACCT-20096,2023-02-05,Professional,Fintech,192.5,2310.0,11,13,0,8,416.54,2117.5,5.08,No
ACCT-20097,2021-11-12,Enterprise,Fintech,1087.64,13051.68,26,15,6,2,598.68,28278.64,47.23,Yes
ACCT-20098,2023-12-02,Professional,EdTech,228.41,2740.92,1,21,6,2,240.51,228.41,0.95,Yes
ACCT-20099,2023-09-03,Basic,Fintech,48.5,582.0,4,3,0,6,393.55,194.0,0.49,Yes
ACCT-20100,2022-02-10,Professional,Manufacturing,205.92,2471.04,23,12,1,7,393.31,4736.16,12.04,No
ACCT-20101,2021-12-12,Basic,Fintech,53.15,637.8,25,2,1,5,1146.17,1328.75,1.16,No
ACCT-20102,2021-05-16,Basic,E-commerce,46.42,557.04,32,2,5,2,842.99,1485.44,1.76,Yes
ACCT-20103,2021-07-15,Enterprise,Manufacturing,1104.76,13257.12,30,10,1,1,554.68,33142.8,59.75,Yes
ACCT-20104,2022-04-11,Professional,EdTech,223.22,2678.64,21,13,2,10,970.4,4687.62,4.83,No
ACCT-20105,2023-09-03,Enterprise,E-commerce,1015.29,12183.48,4,15,2,8,1297.92,4061.16,3.13,No
ACCT-20106,2022-05-11,Professional,Manufacturing,185.99,2231.88,20,18,1,6,1168.68,3719.8,3.18,No
ACCT-20107,2021-08-14,Enterprise,E-commerce,1005.38,12064.56,29,11,4,7,1067.79,29156.02,27.31,No
ACCT-20108,2022-03-12,Professional,Fintech,227.78,2733.36,22,13,1,4,808.11,5011.16,6.2,Yes
ACCT-20109,2023-10-03,Enterprise,EdTech,1105.25,13263.0,3,11,1,8,946.09,3315.75,3.5,No
ACCT-20110,2021-04-16,Basic,Fintech,50.8,609.6,33,4,5,5,451.16,1676.4,3.72,No
ACCT-20111,2022-06-10,Professional,EdTech,183.34,2200.08,19,12,3,2,1032.0,3483.46,3.38,No
ACCT-20112,2021-09-13,Professional,Healthcare,197.28,2367.36,28,12,3,4,1173.41,5523.84,4.71,Yes
ACCT-20113,2021-07-15,Free,EdTech,0.0,0.0,30,2,2,6,1123.33,0.0,0.0,No
ACCT-20114,2022-09-08,Professional,Fintech,211.94,2543.28,16,17,0,8,761.82,3391.04,4.45,No
ACCT-20115,2021-11-12,Free,EdTech,0.0,0.0,26,8,0,6,1402.16,0.0,0.0,No
ACCT-20116,2023-07-05,Professional,Fintech,207.35,2488.2,6,9,1,10,339.85,1244.1,3.66,No
ACCT-20117,2022-04-11,Enterprise,E-commerce,1048.76,12585.12,21,8,2,1,1149.86,22023.96,19.15,Yes
ACCT-20118,2022-12-07,Professional,EdTech,217.34,2608.08,13,14,4,3,943.44,2825.42,2.99,Yes
ACCT-20119,2023-01-06,Basic,Manufacturing,48.57,582.84,12,4,0,9,231.08,582.84,2.52,No
ACCT-20120,2021-09-13,Professional,Fintech,197.41,2368.92,28,6,0,9,673.77,5527.48,8.2,No
ACCT-20121,2022-03-12,Professional,EdTech,190.45,2285.4,22,15,2,4,392.04,4189.9,10.69,Yes
ACCT-20122,2021-06-15,Enterprise,Fintech,1009.58,12114.96,31,10,0,7,1443.06,31296.98,21.69,No
ACCT-20123,2022-03-12,Professional,Fintech,192.9,2314.8,22,10,0,10,592.08,4243.8,7.17,No
ACCT-20124,2023-02-05,Basic,E-commerce,49.88,598.56,11,3,1,8,1090.56,548.68,0.5,No
ACCT-20125,2022-06-10,Free,EdTech,0.0,0.0,19,3,3,2,1277.24,0.0,0.0,No
ACCT-20126,2023-08-04,Free,Healthcare,0.0,0.0,5,4,1,5,916.99,0.0,0.0,No
ACCT-20127,2023-07-05,Basic,EdTech,46.19,554.28,6,5,0,10,808.45,277.14,0.34,No
ACCT-20128,2021-12-12,Enterprise,EdTech,1098.05,13176.6,25,14,3,5,599.26,27451.25,45.81,No
ACCT-20129,2022-05-11,Free,Fintech,0.0,0.0,20,6,1,9,1176.08,0.0,0.0,No
ACCT-20130,2022-11-07,Professional,Healthcare,204.23,2450.76,14,15,1,9,638.76,2859.22,4.48,No
ACCT-20131,2023-07-05,Free,Healthcare,0.0,0.0,6,3,4,3,1179.54,0.0,0.0,Yes
ACCT-20132,2023-10-03,Basic,Healthcare,44.82,537.84,3,3,1,10,935.18,134.46,0.14,No
ACCT-20133,2022-07-10,Professional,Healthcare,205.19,2462.28,18,20,2,1,659.13,3693.42,5.6,Yes
ACCT-20134,2021-09-13,Professional,Healthcare,197.74,2372.88,28,8,4,3,1314.08,5536.72,4.21,Yes
ACCT-20135,2023-09-03,Enterprise,E-commerce,1136.35,13636.2,4,18,4,1,1092.56,4545.4,4.16,No
ACCT-20136,2021-09-13,Professional,EdTech,197.71,2372.52,28,15,2,1,988.77,5535.88,5.6,Yes
ACCT-20137,2023-05-06,Professional,Manufacturing,192.54,2310.48,8,8,1,7,857.05,1540.32,1.8,No
ACCT-20138,2023-07-05,Basic,EdTech,49.61,595.32,6,3,3,4,1247.46,297.66,0.24,Yes
ACCT-20139,2022-04-11,Enterprise,Fintech,965.28,11583.36,21,22,4,2,399.01,20270.88,50.8,No
ACCT-20140,2021-07-15,Professional,EdTech,192.13,2305.56,30,13,5,4,1206.15,5763.9,4.78,Yes
ACCT-20141,2022-12-07,Enterprise,E-commerce,936.04,11232.48,13,14,3,4,1085.53,12168.52,11.21,Yes
ACCT-20142,2023-09-03,Professional,Manufacturing,216.12,2593.44,4,9,1,9,508.34,864.48,1.7,No
ACCT-20143,2023-09-03,Basic,Fintech,55.13,661.56,4,4,1,4,1442.13,220.52,0.15,Yes
ACCT-20144,2022-04-11,Professional,E-commerce,211.82,2541.84,21,13,0,10,388.49,4448.22,11.45,No
ACCT-20145,2023-01-06,Enterprise,Manufacturing,947.81,11373.72,12,17,6,3,768.95,11373.72,14.79,Yes
ACCT-20146,2023-10-03,Free,EdTech,0.0,0.0,3,4,0,9,517.61,0.0,0.0,No
ACCT-20147,2022-05-11,Professional,EdTech,211.13,2533.56,20,10,3,9,240.28,4222.6,17.57,No
ACCT-20148,2022-12-07,Professional,E-commerce,213.54,2562.48,13,10,0,9,548.44,2776.02,5.06,No
ACCT-20149,2021-09-13,Basic,Manufacturing,44.84,538.08,28,5,0,3,563.07,1255.52,2.23,No
ACCT-20150,2023-09-03,Basic,EdTech,51.25,615.0,4,5,3,1,987.68,205.0,0.21,No
ACCT-20151,2023-11-02,Enterprise,Healthcare,993.28,11919.36,2,13,3,4,1468.25,1986.56,1.35,Yes
ACCT-20152,2022-10-08,Enterprise,E-commerce,974.99,11699.88,15,10,2,10,237.17,14624.85,61.66,No
ACCT-20153,2023-01-06,Basic,EdTech,54.28,651.36,12,2,4,2,1010.84,651.36,0.64,Yes
ACCT-20154,2022-12-07,Free,E-commerce,0.0,0.0,13,5,7,3,481.22,0.0,0.0,No
ACCT-20155,2023-06-05,Enterprise,E-commerce,1135.62,13627.44,7,11,4,5,1163.64,7949.34,6.83,No
ACCT-20156,2022-03-12,Professional,Fintech,213.16,2557.92,22,11,0,7,1166.31,4689.52,4.02,No
ACCT-20157,2021-09-13,Basic,Fintech,52.41,628.92,28,5,2,5,1443.51,1467.48,1.02,No
ACCT-20158,2022-04-11,Professional,Healthcare,205.74,2468.88,21,10,1,10,951.8,4320.54,4.54,No
ACCT-20159,2023-08-04,Basic,E-commerce,44.48,533.76,5,1,2,9,633.33,222.4,0.35,No
ACCT-20160,2023-08-04,Free,Healthcare,0.0,0.0,5,7,1,9,276.18,0.0,0.0,No
ACCT-20161,2022-10-08,Basic,E-commerce,45.74,548.88,15,2,2,9,760.26,686.1,0.9,Yes
ACCT-20162,2021-12-12,Enterprise,Manufacturing,1095.83,13149.96,25,10,3,6,605.84,27395.75,45.22,No
ACCT-20163,2022-04-11,Professional,Healthcare,201.55,2418.6,21,10,2,3,505.89,4232.55,8.37,No
ACCT-20164,2021-10-13,Basic,Healthcare,51.39,616.68,27,8,1,8,529.35,1387.53,2.62,No
ACCT-20165,2022-03-12,Professional,E-commerce,215.44,2585.28,22,16,2,3,311.11,4739.68,15.23,No
ACCT-20166,2023-04-06,Basic,Healthcare,47.25,567.0,9,4,1,10,543.87,425.25,0.78,No
ACCT-20167,2023-10-03,Professional,Healthcare,223.38,2680.56,3,10,0,9,220.9,670.14,3.03,No
ACCT-20168,2022-02-10,Basic,Fintech,55.63,667.56,23,0,3,9,1150.63,1279.49,1.11,Yes
ACCT-20169,2021-05-16,Basic,E-commerce,51.4,616.8,32,4,4,5,230.35,1644.8,7.14,No
ACCT-20170,2021-04-16,Professional,Manufacturing,199.14,2389.68,33,18,1,6,206.59,6571.62,31.81,No
ACCT-20171,2022-01-11,Basic,Fintech,54.35,652.2,24,2,1,2,867.78,1304.4,1.5,No
ACCT-20172,2021-09-13,Basic,EdTech,52.27,627.24,28,3,3,2,1266.84,1463.56,1.16,Yes
ACCT-20173,2023-12-02,Professional,E-commerce,191.37,2296.44,1,12,0,6,312.54,191.37,0.61,No
ACCT-20174,2021-10-13,Basic,E-commerce,44.93,539.16,27,1,0,9,842.51,1213.11,1.44,No
ACCT-20175,2022-09-08,Professional,Fintech,199.57,2394.84,16,9,2,2,1082.9,3193.12,2.95,No
ACCT-20176,2021-09-13,Basic,Healthcare,44.1,529.2,28,3,2,3,829.9,1234.8,1.49,No
ACCT-20177,2022-01-11,Enterprise,Manufacturing,1006.32,12075.84,24,11,1,10,448.75,24151.68,53.82,No
ACCT-20178,2022-04-11,Free,E-commerce,0.0,0.0,21,4,3,4,565.23,0.0,0.0,No
ACCT-20179,2023-09-03,Professional,Manufacturing,185.23,2222.76,4,14,1,9,310.54,740.92,2.39,No
ACCT-20180,2022-02-10,Professional,E-commerce,221.38,2656.56,23,9,1,6,466.05,5091.74,10.93,No
ACCT-20181,2021-02-15,Free,Healthcare,0.0,0.0,35,4,2,10,215.73,0.0,0.0,No
ACCT-20182,2022-07-10,Professional,Fintech,202.96,2435.52,18,18,2,5,870.95,3653.28,4.19,No
ACCT-20183,2023-02-05,Free,E-commerce,0.0,0.0,11,4,1,4,629.43,0.0,0.0,No
ACCT-20184,2022-09-08,Basic,E-commerce,54.34,652.08,16,4,4,5,1155.44,869.44,0.75,No
ACCT-20185,2021-10-13,Free,EdTech,0.0,0.0,27,3,0,6,445.36,0.0,0.0,No
ACCT-20186,2022-09-08,Free,Healthcare,0.0,0.0,16,4,4,2,802.69,0.0,0.0,No
ACCT-20187,2023-09-03,Enterprise,EdTech,1031.28,12375.36,4,8,1,7,571.55,4125.12,7.22,No
ACCT-20188,2022-09-08,Professional,Manufacturing,209.35,2512.2,16,15,5,4,1493.74,3349.6,2.24,Yes
ACCT-20189,2021-06-15,Basic,Fintech,54.22,650.64,31,4,3,2,1135.33,1680.82,1.48,No
ACCT-20190,2023-02-05,Enterprise,Manufacturing,1010.31,12123.72,11,10,2,10,879.27,11113.41,12.64,No
ACCT-20191,2021-12-12,Free,Healthcare,0.0,0.0,25,4,3,6,1125.49,0.0,0.0,No
ACCT-20192,2022-02-10,Free,Fintech,0.0,0.0,23,2,1,2,791.98,0.0,0.0,Yes
ACCT-20193,2023-05-06,Basic,E-commerce,47.83,573.96,8,4,5,3,777.96,382.64,0.49,Yes
ACCT-20194,2021-03-17,Enterprise,Healthcare,995.15,11941.8,34,16,4,4,1088.77,33835.1,31.08,Yes
ACCT-20195,2021-07-15,Basic,Manufacturing,48.09,577.08,30,1,2,2,1190.86,1442.7,1.21,Yes
ACCT-20196,2022-10-08,Professional,E-commerce,181.8,2181.6,15,13,3,3,406.41,2727.0,6.71,No
ACCT-20197,2021-08-14,Free,Manufacturing,0.0,0.0,29,4,3,10,1434.13,0.0,0.0,No
ACCT-20198,2022-09-08,Professional,EdTech,203.07,2436.84,16,9,0,3,1436.36,3249.12,2.26,No
ACCT-20199,2021-08-14,Enterprise,Healthcare,915.04,10980.48,29,13,0,7,1130.98,26536.16,23.46,No
ACCT-20200,2022-02-10,Basic,EdTech,54.61,655.32,23,2,2,1,1346.67,1256.03,0.93,No
ACCT-20201,2023-10-03,Professional,E-commerce,211.71,2540.52,3,9,2,9,730.22,635.13,0.87,Yes
ACCT-20202,2021-05-16,Enterprise,Manufacturing,939.49,11273.88,32,14,1,8,1151.76,30063.68,26.1,No
ACCT-20203,2022-10-08,Enterprise,Fintech,989.8,11877.6,15,14,2,7,719.88,14847.0,20.62,No
ACCT-20204,2023-06-05,Enterprise,Healthcare,963.88,11566.56,7,13,2,4,1464.82,6747.16,4.61,Yes
ACCT-20205,2021-05-16,Professional,Manufacturing,187.91,2254.92,32,13,1,8,567.16,6013.12,10.6,No
ACCT-20206,2022-12-07,Professional,EdTech,182.86,2194.32,13,12,6,1,459.54,2377.18,5.17,No
ACCT-20207,2023-08-04,Basic,Fintech,46.73,560.76,5,4,3,4,956.31,233.65,0.24,Yes
ACCT-20208,2021-10-13,Professional,EdTech,196.0,2352.0,27,16,1,1,520.44,5292.0,10.17,No
ACCT-20209,2022-03-12,Basic,EdTech,46.68,560.16,22,0,1,7,1113.56,1026.96,0.92,No
ACCT-20210,2023-06-05,Basic,Manufacturing,49.61,595.32,7,4,0,9,721.51,347.27,0.48,No
ACCT-20211,2023-12-02,Basic,EdTech,51.09,613.08,1,5,1,1,391.71,51.09,0.13,Yes
ACCT-20212,2023-08-04,Basic,Healthcare,47.58,570.96,5,5,1,9,776.23,237.9,0.31,Yes
ACCT-20213,2022-12-07,Basic,EdTech,49.73,596.76,13,5,4,1,505.72,646.49,1.28,Yes
ACCT-20214,2023-11-02,Professional,Fintech,188.66,2263.92,2,15,0,9,1086.82,377.32,0.35,No
ACCT-20215,2023-06-05,Enterprise,Healthcare,1115.41,13384.92,7,10,3,10,719.01,7807.87,10.86,No
ACCT-20216,2023-12-02,Basic,EdTech,51.72,620.64,1,1,6,2,1073.91,51.72,0.05,Yes
ACCT-20217,2021-03-17,Enterprise,Healthcare,957.12,11485.44,34,23,5,5,515.0,32542.08,63.19,No
ACCT-20218,2021-07-15,Professional,Fintech,186.81,2241.72,30,11,5,3,603.2,5604.3,9.29,Yes
ACCT-20219,2023-06-05,Enterprise,Manufacturing,1046.39,12556.68,7,14,0,9,1163.61,7324.73,6.29,No
ACCT-20220,2021-10-13,Professional,E-commerce,216.97,2603.64,27,10,1,4,1176.6,5858.19,4.98,No
ACCT-20221,2023-01-06,Basic,Healthcare,45.45,545.4,12,1,0,8,269.33,545.4,2.03,Yes
ACCT-20222,2023-02-05,Basic,Healthcare,49.36,592.32,11,4,1,10,1437.35,542.96,0.38,No
ACCT-20223,2021-11-12,Basic,EdTech,45.55,546.6,26,2,5,5,1088.51,1184.3,1.09,Yes
ACCT-20224,2023-03-07,Basic,EdTech,50.99,611.88,10,5,3,2,1179.66,509.9,0.43,No
ACCT-20225,2023-08-04,Basic,EdTech,55.09,661.08,5,4,0,8,1213.53,275.45,0.23,No
ACCT-20226,2022-04-11,Professional,Fintech,213.94,2567.28,21,17,2,1,226.99,4492.74,19.79,Yes
ACCT-20227,2023-08-04,Basic,E-commerce,55.35,664.2,5,2,1,10,983.91,276.75,0.28,No
ACCT-20228,2022-09-08,Basic,Healthcare,52.36,628.32,16,4,2,5,727.18,837.76,1.15,Yes
ACCT-20229,2021-03-17,Basic,E-commerce,45.37,544.44,34,7,2,7,535.17,1542.58,2.88,No
ACCT-20230,2023-01-06,Enterprise,Healthcare,1116.25,13395.0,12,15,2,7,205.2,13395.0,65.28,No
ACCT-20231,2022-10-08,Enterprise,EdTech,1067.41,12808.92,15,10,0,6,489.06,16011.15,32.74,No
ACCT-20232,2022-09-08,Basic,Fintech,54.34,652.08,16,2,5,1,1429.2,869.44,0.61,No
ACCT-20233,2021-07-15,Professional,Manufacturing,213.28,2559.36,30,14,4,2,299.08,6398.4,21.39,No
ACCT-20234,2022-07-10,Basic,Healthcare,45.59,547.08,18,0,1,4,1271.82,820.62,0.65,Yes
ACCT-20235,2022-04-11,Basic,Manufacturing,50.71,608.52,21,5,2,6,507.69,1064.91,2.1,No
ACCT-20236,2022-08-09,Basic,Fintech,49.27,591.24,17,5,7,1,952.86,837.59,0.88,Yes
ACCT-20237,2023-01-06,Basic,Healthcare,46.7,560.4,12,4,2,3,532.57,560.4,1.05,Yes
ACCT-20238,2021-05-16,Basic,Healthcare,54.88,658.56,32,2,1,10,622.01,1756.16,2.82,No
ACCT-20239,2021-07-15,Professional,EdTech,201.65,2419.8,30,12,1,3,994.86,6049.5,6.08,No
ACCT-20240,2022-07-10,Basic,Fintech,46.01,552.12,18,4,1,3,859.09,828.18,0.96,No
ACCT-20241,2023-04-06,Professional,Manufacturing,196.72,2360.64,9,12,1,6,768.43,1770.48,2.3,No
ACCT-20242,2021-02-15,Professional,Manufacturing,194.85,2338.2,35,9,1,6,1362.52,6819.75,5.01,No
ACCT-20243,2023-02-05,Basic,E-commerce,52.34,628.08,11,7,2,2,1355.12,575.74,0.42,Yes
ACCT-20244,2021-09-13,Basic,Manufacturing,49.9,598.8,28,2,1,4,710.06,1397.2,1.97,Yes
ACCT-20245,2023-06-05,Free,Manufacturing,0.0,0.0,7,3,2,3,1373.97,0.0,0.0,No
ACCT-20246,2023-12-02,Professional,Healthcare,215.25,2583.0,1,11,3,5,1123.87,215.25,0.19,Yes
ACCT-20247,2023-10-03,Enterprise,Manufacturing,1077.42,12929.04,3,14,6,2,1097.3,3232.26,2.95,Yes
ACCT-20248,2023-01-06,Professional,Healthcare,223.54,2682.48,12,10,0,8,280.89,2682.48,9.55,No
ACCT-20249,2023-01-06,Basic,EdTech,48.24,578.88,12,3,1,3,320.12,578.88,1.81,Yes
ACCT-20250,2023-09-03,Basic,Healthcare,54.78,657.36,4,4,5,4,510.41,219.12,0.43,No
ACCT-20251,2022-08-09,Basic,EdTech,54.0,648.0,17,1,3,6,563.39,918.0,1.63,No
ACCT-20252,2023-11-02,Basic,EdTech,53.53,642.36,2,7,1,7,1096.34,107.06,0.1,No
ACCT-20253,2021-11-12,Basic,EdTech,45.16,541.92,26,5,3,7,317.01,1174.16,3.7,No
ACCT-20254,2021-11-12,Basic,E-commerce,50.64,607.68,26,8,1,4,405.96,1316.64,3.24,Yes
ACCT-20255,2022-05-11,Basic,Fintech,49.53,594.36,20,3,2,6,1184.22,990.6,0.84,No
ACCT-20256,2022-11-07,Basic,EdTech,44.5,534.0,14,6,2,3,890.05,623.0,0.7,No
ACCT-20257,2022-03-12,Free,EdTech,0.0,0.0,22,3,1,8,854.29,0.0,0.0,No
ACCT-20258,2023-11-02,Basic,EdTech,53.31,639.72,2,1,1,6,870.88,106.62,0.12,Yes
ACCT-20259,2023-01-06,Professional,Manufacturing,215.93,2591.16,12,15,1,10,350.55,2591.16,7.39,No
ACCT-20260,2023-02-05,Professional,Manufacturing,207.52,2490.24,11,17,2,2,484.27,2282.72,4.71,Yes
ACCT-20261,2021-04-16,Basic,EdTech,52.63,631.56,33,2,2,5,849.43,1736.79,2.04,No
ACCT-20262,2022-05-11,Enterprise,Healthcare,1135.83,13629.96,20,16,2,6,1081.73,22716.6,21.0,No
ACCT-20263,2021-12-12,Enterprise,E-commerce,1106.03,13272.36,25,7,2,2,1209.49,27650.75,22.86,Yes
ACCT-20264,2021-11-12,Basic,EdTech,49.12,589.44,26,4,5,4,1377.1,1277.12,0.93,Yes
ACCT-20265,2023-08-04,Basic,E-commerce,53.59,643.08,5,6,3,4,1465.26,267.95,0.18,Yes
ACCT-20266,2023-02-05,Basic,Healthcare,46.43,557.16,11,5,1,6,790.55,510.73,0.65,No
ACCT-20267,2023-03-07,Basic,E-commerce,46.65,559.8,10,3,1,7,491.94,466.5,0.95,Yes
ACCT-20268,2023-08-04,Professional,Manufacturing,200.81,2409.72,5,17,1,7,386.97,1004.05,2.59,No
ACCT-20269,2022-02-10,Free,E-commerce,0.0,0.0,23,6,2,7,833.77,0.0,0.0,No
ACCT-20270,2021-12-12,Professional,E-commerce,205.8,2469.6,25,12,1,1,738.08,5145.0,6.97,No
ACCT-20271,2022-05-11,Professional,Manufacturing,200.96,2411.52,20,13,3,5,1487.42,4019.2,2.7,No
ACCT-20272,2021-07-15,Basic,Manufacturing,54.23,650.76,30,6,2,3,579.89,1626.9,2.81,Yes
ACCT-20273,2023-05-06,Basic,Fintech,54.0,648.0,8,6,2,9,1325.49,432.0,0.33,No
ACCT-20274,2023-11-02,Enterprise,Manufacturing,1055.95,12671.4,2,12,0,9,1059.92,2111.9,1.99,No
ACCT-20275,2022-09-08,Enterprise,E-commerce,1095.62,13147.44,16,7,3,5,1190.02,17529.92,14.73,No
ACCT-20276,2022-04-11,Enterprise,EdTech,1122.32,13467.84,21,16,2,4,901.16,23568.72,26.15,No
ACCT-20277,2021-06-15,Basic,Fintech,44.39,532.68,31,10,2,5,1178.43,1376.09,1.17,No
ACCT-20278,2022-09-08,Enterprise,Fintech,1050.96,12611.52,16,17,0,10,1186.85,16815.36,14.17,No
ACCT-20279,2022-06-10,Professional,Healthcare,189.97,2279.64,19,10,2,2,1460.38,3609.43,2.47,No
ACCT-20280,2021-06-15,Enterprise,Healthcare,1129.66,13555.92,31,6,0,8,205.36,35019.46,170.53,No
ACCT-20281,2022-08-09,Professional,Fintech,182.95,2195.4,17,7,1,8,1422.64,3110.15,2.19,No
ACCT-20282,2022-11-07,Enterprise,Manufacturing,932.55,11190.6,14,12,1,10,1227.03,13055.7,10.64,No
ACCT-20283,2021-08-14,Basic,Healthcare,49.65,595.8,29,3,1,7,253.94,1439.85,5.67,Yes
ACCT-20284,2023-02-05,Basic,EdTech,52.06,624.72,11,4,3,1,1199.91,572.66,0.48,Yes
ACCT-20285,2022-08-09,Professional,Fintech,196.47,2357.64,17,15,1,8,1057.51,3339.99,3.16,No
ACCT-20286,2023-09-03,Professional,Manufacturing,209.34,2512.08,4,13,3,6,1250.92,837.36,0.67,No
ACCT-20287,2021-10-13,Basic,EdTech,53.52,642.24,27,5,1,6,942.33,1445.04,1.53,No
ACCT-20288,2023-11-02,Basic,EdTech,54.32,651.84,2,1,3,3,318.47,108.64,0.34,Yes
ACCT-20289,2022-01-11,Professional,Healthcare,224.96,2699.52,24,14,3,2,880.68,5399.04,6.13,No
ACCT-20290,2022-05-11,Basic,EdTech,54.9,658.8,20,2,1,8,1406.77,1098.0,0.78,No
ACCT-20291,2023-02-05,Basic,EdTech,53.98,647.76,11,5,2,3,1214.09,593.78,0.49,Yes
ACCT-20292,2023-11-02,Basic,Fintech,56.02,672.24,2,3,1,7,1104.03,112.04,0.1,No
ACCT-20293,2022-06-10,Basic,Healthcare,44.89,538.68,19,4,1,1,1492.76,852.91,0.57,No
ACCT-20294,2023-11-02,Enterprise,EdTech,1086.24,13034.88,2,12,0,9,1386.4,2172.48,1.57,No
ACCT-20295,2021-03-17,Basic,Manufacturing,47.11,565.32,34,2,0,5,1032.9,1601.74,1.55,No
ACCT-20296,2022-09-08,Professional,Fintech,197.31,2367.72,16,16,0,10,1089.02,3156.96,2.9,No
ACCT-20297,2023-11-02,Basic,Healthcare,44.65,535.8,2,4,1,2,903.73,89.3,0.1,Yes
ACCT-20298,2021-05-16,Basic,EdTech,55.19,662.28,32,3,2,4,777.25,1766.08,2.27,Yes
ACCT-20299,2021-02-15,Enterprise,Healthcare,933.88,11206.56,35,11,3,2,1164.69,32685.8,28.06,No
ACCT-20300,2021-12-12,Professional,Healthcare,187.4,2248.8,25,12,4,5,1400.23,4685.0,3.35,No
ACCT-20301,2022-11-07,Basic,EdTech,52.7,632.4,14,5,4,5,985.11,737.8,0.75,No
ACCT-20302,2022-08-09,Professional,E-commerce,225.54,2706.48,17,11,0,8,330.87,3834.18,11.59,No
ACCT-20303,2021-10-13,Professional,Healthcare,208.98,2507.76,27,9,3,9,323.64,5642.46,17.43,No
ACCT-20304,2022-10-08,Professional,E-commerce,183.16,2197.92,15,14,1,6,1221.86,2747.4,2.25,No
ACCT-20305,2023-04-06,Professional,Fintech,186.0,2232.0,9,23,1,3,887.01,1674.0,1.89,Yes
ACCT-20306,2023-09-03,Basic,Healthcare,51.74,620.88,4,3,1,10,362.38,206.96,0.57,No
ACCT-20307,2023-05-06,Basic,Fintech,47.08,564.96,8,7,6,2,1395.8,376.64,0.27,Yes
ACCT-20308,2023-12-02,Professional,Manufacturing,222.96,2675.52,1,6,3,2,755.36,222.96,0.3,Yes
ACCT-20309,2023-08-04,Basic,EdTech,49.44,593.28,5,2,1,10,1294.62,247.2,0.19,No
ACCT-20310,2023-08-04,Basic,EdTech,51.83,621.96,5,4,4,3,695.61,259.15,0.37,No
ACCT-20311,2022-11-07,Free,Fintech,0.0,0.0,14,7,1,6,927.92,0.0,0.0,No
ACCT-20312,2022-07-10,Enterprise,EdTech,944.4,11332.8,18,10,0,4,583.31,16999.2,29.14,Yes
ACCT-20313,2023-10-03,Basic,Manufacturing,49.58,594.96,3,4,1,2,350.23,148.74,0.42,No
ACCT-20314,2023-06-05,Enterprise,Fintech,990.6,11887.2,7,10,1,9,1233.47,6934.2,5.62,No
ACCT-20315,2023-11-02,Professional,Healthcare,217.95,2615.4,2,17,2,7,1217.08,435.9,0.36,No
ACCT-20316,2022-03-12,Free,Healthcare,0.0,0.0,22,4,1,8,830.3,0.0,0.0,No
ACCT-20317,2023-07-05,Basic,Manufacturing,54.08,648.96,6,1,2,1,592.28,324.48,0.55,Yes
ACCT-20318,2021-09-13,Professional,E-commerce,193.12,2317.44,28,16,4,4,1345.42,5407.36,4.02,No
ACCT-20319,2021-03-17,Professional,Healthcare,196.1,2353.2,34,11,3,1,585.83,6667.4,11.38,No
ACCT-20320,2023-01-06,Enterprise,E-commerce,1134.0,13608.0,12,9,0,9,994.24,13608.0,13.69,No
ACCT-20321,2021-06-15,Enterprise,Manufacturing,1128.54,13542.48,31,12,4,4,427.9,34984.74,81.76,No
ACCT-20322,2022-06-10,Basic,EdTech,54.96,659.52,19,4,0,6,1161.16,1044.24,0.9,No
ACCT-20323,2023-01-06,Basic,E-commerce,55.61,667.32,12,3,1,9,1357.83,667.32,0.49,Yes
ACCT-20324,2021-07-15,Basic,Manufacturing,54.3,651.6,30,1,0,4,1264.58,1629.0,1.29,Yes
ACCT-20325,2021-05-16,Professional,E-commerce,220.42,2645.04,32,7,3,9,435.17,7053.44,16.21,No
ACCT-20326,2023-06-05,Enterprise,Healthcare,1083.11,12997.32,7,13,5,1,1398.51,7581.77,5.42,Yes
ACCT-20327,2021-05-16,Basic,Manufacturing,49.78,597.36,32,5,0,6,401.32,1592.96,3.97,No
ACCT-20328,2023-08-04,Enterprise,Manufacturing,1040.05,12480.6,5,14,0,6,438.12,5200.25,11.87,No
ACCT-20329,2023-03-07,Basic,Manufacturing,54.34,652.08,10,1,1,9,388.01,543.4,1.4,No
ACCT-20330,2022-04-11,Basic,EdTech,48.19,578.28,21,7,2,4,1073.77,1011.99,0.94,No
ACCT-20331,2021-08-14,Free,EdTech,0.0,0.0,29,3,0,10,212.46,0.0,0.0,Yes
ACCT-20332,2022-11-07,Professional,Healthcare,212.39,2548.68,14,8,3,2,1225.65,2973.46,2.43,No
ACCT-20333,2022-06-10,Enterprise,Manufacturing,916.69,11000.28,19,8,5,5,825.96,17417.11,21.09,No
ACCT-20334,2023-07-05,Professional,Manufacturing,185.28,2223.36,6,12,2,6,535.17,1111.68,2.08,No
ACCT-20335,2023-08-04,Basic,Manufacturing,54.44,653.28,5,0,0,7,860.77,272.2,0.32,Yes
ACCT-20336,2021-05-16,Enterprise,Fintech,1019.13,12229.56,32,17,1,8,388.58,32612.16,83.93,No
ACCT-20337,2021-10-13,Free,Manufacturing,0.0,0.0,27,4,3,9,811.54,0.0,0.0,No
ACCT-20338,2021-12-12,Professional,Manufacturing,179.7,2156.4,25,13,0,6,372.72,4492.5,12.05,No
ACCT-20339,2023-09-03,Free,Manufacturing,0.0,0.0,4,1,1,6,1387.04,0.0,0.0,No
ACCT-20340,2023-02-05,Enterprise,EdTech,1049.95,12599.4,11,8,2,3,388.52,11549.45,29.73,No
ACCT-20341,2022-08-09,Free,Healthcare,0.0,0.0,17,3,1,7,958.99,0.0,0.0,No
ACCT-20342,2021-09-13,Enterprise,Fintech,1011.83,12141.96,28,8,1,9,295.75,28331.24,95.79,No
ACCT-20343,2022-05-11,Professional,Healthcare,188.11,2257.32,20,10,2,5,1282.24,3762.2,2.93,No
ACCT-20344,2022-05-11,Basic,Healthcare,48.97,587.64,20,4,3,5,440.9,979.4,2.22,No
ACCT-20345,2022-08-09,Free,Fintech,0.0,0.0,17,8,3,1,1495.87,0.0,0.0,No
ACCT-20346,2022-10-08,Free,EdTech,0.0,0.0,15,3,5,5,1485.8,0.0,0.0,Yes
ACCT-20347,2023-09-03,Enterprise,EdTech,1025.3,12303.6,4,8,1,4,409.18,4101.2,10.02,Yes
ACCT-20348,2021-03-17,Free,Manufacturing,0.0,0.0,34,5,3,8,972.22,0.0,0.0,Yes
ACCT-20349,2022-02-10,Professional,Manufacturing,189.71,2276.52,23,14,0,1,957.53,4363.33,4.56,No
ACCT-20350,2021-10-13,Professional,Fintech,209.47,2513.64,27,11,1,9,237.01,5655.69,23.86,No
ACCT-20351,2023-04-06,Basic,EdTech,45.69,548.28,9,2,3,9,514.96,411.21,0.8,No
ACCT-20352,2023-04-06,Basic,E-commerce,54.33,651.96,9,5,0,8,639.39,488.97,0.76,No
ACCT-20353,2022-09-08,Free,Healthcare,0.0,0.0,16,2,2,10,1411.58,0.0,0.0,No
ACCT-20354,2023-02-05,Professional,E-commerce,204.22,2450.64,11,12,3,3,973.42,2246.42,2.31,No
ACCT-20355,2022-06-10,Basic,E-commerce,53.9,646.8,19,6,0,10,603.47,1024.1,1.7,No
ACCT-20356,2022-11-07,Basic,Manufacturing,51.28,615.36,14,4,3,8,356.33,717.92,2.01,No
ACCT-20357,2023-08-04,Free,Manufacturing,0.0,0.0,5,3,5,4,646.59,0.0,0.0,No
ACCT-20358,2021-08-14,Professional,EdTech,202.07,2424.84,29,16,0,7,1443.02,5860.03,4.06,No
ACCT-20359,2021-08-14,Basic,E-commerce,47.14,565.68,29,0,1,6,599.08,1367.06,2.28,Yes
ACCT-20360,2021-07-15,Professional,EdTech,206.57,2478.84,30,17,1,5,1353.18,6197.1,4.58,No
ACCT-20361,2021-04-16,Professional,E-commerce,225.75,2709.0,33,9,1,8,1337.43,7449.75,5.57,No
ACCT-20362,2021-03-17,Free,Fintech,0.0,0.0,34,5,1,2,741.82,0.0,0.0,Yes
ACCT-20363,2022-03-12,Basic,E-commerce,55.31,663.72,22,4,3,9,946.76,1216.82,1.29,No
ACCT-20364,2023-03-07,Professional,EdTech,189.9,2278.8,10,20,1,5,599.04,1899.0,3.17,No
ACCT-20365,2023-03-07,Enterprise,Fintech,1143.86,13726.32,10,19,5,1,943.73,11438.6,12.12,Yes
ACCT-20366,2023-12-02,Free,Healthcare,0.0,0.0,1,3,0,9,293.75,0.0,0.0,No
ACCT-20367,2022-12-07,Basic,Fintech,53.64,643.68,13,7,1,9,1271.41,697.32,0.55,No
ACCT-20368,2023-12-02,Professional,E-commerce,223.72,2684.64,1,21,2,5,898.8,223.72,0.25,No
ACCT-20369,2022-05-11,Basic,Healthcare,45.63,547.56,20,3,5,5,1304.24,912.6,0.7,Yes
ACCT-20370,2021-09-13,Professional,Fintech,200.35,2404.2,28,10,2,9,435.62,5609.8,12.88,No
ACCT-20371,2022-03-12,Basic,Manufacturing,45.17,542.04,22,7,4,5,546.87,993.74,1.82,No
ACCT-20372,2022-01-11,Professional,E-commerce,179.22,2150.64,24,12,1,10,449.68,4301.28,9.57,No
ACCT-20373,2022-02-10,Basic,Healthcare,48.66,583.92,23,3,0,8,303.98,1119.18,3.68,No
ACCT-20374,2022-08-09,Basic,Fintech,51.98,623.76,17,7,2,7,964.39,883.66,0.92,No
ACCT-20375,2023-09-03,Free,E-commerce,0.0,0.0,4,8,1,8,618.42,0.0,0.0,No
ACCT-20376,2021-08-14,Professional,Fintech,190.05,2280.6,29,9,0,9,641.11,5511.45,8.6,No
ACCT-20377,2022-12-07,Basic,EdTech,54.68,656.16,13,1,2,2,758.99,710.84,0.94,Yes
ACCT-20378,2021-12-12,Professional,E-commerce,228.74,2744.88,25,11,0,9,440.81,5718.5,12.97,No
ACCT-20379,2022-03-12,Professional,Healthcare,181.91,2182.92,22,13,4,1,1103.56,4002.02,3.63,No
ACCT-20380,2021-11-12,Free,E-commerce,0.0,0.0,26,7,4,4,820.11,0.0,0.0,Yes
ACCT-20381,2023-01-06,Basic,Fintech,54.47,653.64,12,3,5,5,1457.16,653.64,0.45,No
ACCT-20382,2023-07-05,Basic,E-commerce,54.89,658.68,6,4,0,10,975.35,329.34,0.34,No
ACCT-20383,2023-11-02,Free,EdTech,0.0,0.0,2,3,1,4,1177.03,0.0,0.0,No
ACCT-20384,2021-12-12,Professional,Fintech,196.95,2363.4,25,12,0,6,1388.55,4923.75,3.55,No
ACCT-20385,2022-12-07,Enterprise,Fintech,919.43,11033.16,13,12,3,4,418.35,11952.59,28.57,No
ACCT-20386,2023-07-05,Enterprise,E-commerce,1061.84,12742.08,6,10,4,4,270.05,6371.04,23.59,No
ACCT-20387,2021-09-13,Professional,E-commerce,181.63,2179.56,28,16,1,8,1216.66,5085.64,4.18,Yes
ACCT-20388,2022-05-11,Basic,EdTech,49.61,595.32,20,7,5,3,1133.91,992.2,0.88,Yes
ACCT-20389,2023-05-06,Basic,E-commerce,52.56,630.72,8,5,1,5,927.36,420.48,0.45,Yes
ACCT-20390,2023-12-02,Basic,Healthcare,51.79,621.48,1,3,2,9,974.97,51.79,0.05,No
ACCT-20391,2021-06-15,Enterprise,Healthcare,1092.59,13111.08,31,12,3,4,1479.11,33870.29,22.9,No
ACCT-20392,2021-12-12,Professional,EdTech,191.68,2300.16,25,12,0,7,528.07,4792.0,9.07,No
ACCT-20393,2021-02-15,Professional,E-commerce,205.91,2470.92,35,11,0,10,1286.8,7206.85,5.6,No
ACCT-20394,2023-11-02,Basic,Fintech,44.33,531.96,2,6,0,6,608.2,88.66,0.15,Yes
ACCT-20395,2022-05-11,Basic,EdTech,44.24,530.88,20,1,1,7,973.51,884.8,0.91,Yes
ACCT-20396,2023-11-02,Free,E-commerce,0.0,0.0,2,5,1,9,1085.47,0.0,0.0,No
ACCT-20397,2022-07-10,Free,Manufacturing,0.0,0.0,18,3,2,7,1231.34,0.0,0.0,No
ACCT-20398,2021-06-15,Professional,Fintech,218.0,2616.0,31,14,1,4,996.8,6758.0,6.78,Yes
ACCT-20399,2021-10-13,Enterprise,Fintech,996.14,11953.68,27,9,0,4,985.69,26895.78,27.29,Yes
ACCT-20400,2022-11-07,Enterprise,Manufacturing,1029.24,12350.88,14,12,3,2,327.01,14409.36,44.06,No
ACCT-20401,2022-08-09,Professional,Healthcare,210.82,2529.84,17,12,3,1,243.9,3583.94,14.69,No
ACCT-20402,2022-05-11,Enterprise,Healthcare,1113.33,13359.96,20,20,3,5,1435.56,22266.6,15.51,No
ACCT-20403,2022-08-09,Basic,Fintech,47.06,564.72,17,3,6,1,798.92,800.02,1.0,No
ACCT-20404,2021-03-17,Professional,Manufacturing,217.79,2613.48,34,12,2,7,1197.12,7404.86,6.19,No
ACCT-20405,2021-08-14,Basic,Fintech,45.19,542.28,29,4,0,5,915.5,1310.51,1.43,No
ACCT-20406,2021-02-15,Basic,EdTech,44.84,538.08,35,5,0,6,1057.27,1569.4,1.48,No
ACCT-20407,2022-03-12,Basic,EdTech,51.82,621.84,22,9,0,6,375.81,1140.04,3.03,No
ACCT-20408,2023-12-02,Basic,Healthcare,50.39,604.68,1,5,0,7,795.58,50.39,0.06,No
ACCT-20409,2022-10-08,Professional,Manufacturing,200.94,2411.28,15,11,0,6,1285.52,3014.1,2.34,No
ACCT-20410,2021-09-13,Basic,E-commerce,52.0,624.0,28,3,3,4,840.14,1456.0,1.73,No
ACCT-20411,2023-06-05,Basic,EdTech,53.22,638.64,7,3,1,9,1458.81,372.54,0.26,No
ACCT-20412,2021-07-15,Professional,Healthcare,212.99,2555.88,30,14,2,1,1026.02,6389.7,6.23,No
ACCT-20413,2023-01-06,Free,EdTech,0.0,0.0,12,3,1,10,1390.74,0.0,0.0,No
ACCT-20414,2023-03-07,Professional,Manufacturing,201.92,2423.04,10,13,3,4,1396.47,2019.2,1.45,Yes
ACCT-20415,2022-06-10,Professional,E-commerce,221.61,2659.32,19,10,2,9,311.5,4210.59,13.52,No
ACCT-20416,2023-03-07,Professional,Fintech,226.68,2720.16,10,10,5,1,752.29,2266.8,3.01,No
ACCT-20417,2023-03-07,Basic,E-commerce,49.17,590.04,10,6,0,9,1314.94,491.7,0.37,No
ACCT-20418,2022-12-07,Professional,Fintech,211.59,2539.08,13,11,1,10,1466.65,2750.67,1.88,No
ACCT-20419,2022-08-09,Basic,E-commerce,45.75,549.0,17,4,1,6,767.2,777.75,1.01,No
ACCT-20420,2023-04-06,Basic,Healthcare,54.39,652.68,9,4,0,3,1128.85,489.51,0.43,No
ACCT-20421,2022-06-10,Free,EdTech,0.0,0.0,19,5,2,9,709.8,0.0,0.0,No
ACCT-20422,2023-06-05,Free,Manufacturing,0.0,0.0,7,3,1,10,495.72,0.0,0.0,No
ACCT-20423,2023-10-03,Enterprise,Healthcare,1040.97,12491.64,3,15,0,8,1116.9,3122.91,2.8,No
ACCT-20424,2023-12-02,Basic,Manufacturing,44.68,536.16,1,5,4,1,440.5,44.68,0.1,Yes
ACCT-20425,2023-10-03,Basic,Healthcare,48.87,586.44,3,3,0,7,1286.6,146.61,0.11,Yes
ACCT-20426,2022-06-10,Free,Manufacturing,0.0,0.0,19,6,2,7,1117.47,0.0,0.0,No
ACCT-20427,2021-05-16,Basic,Manufacturing,53.19,638.28,32,5,1,9,1362.82,1702.08,1.25,No
ACCT-20428,2022-08-09,Professional,Manufacturing,223.38,2680.56,17,15,1,9,1121.81,3797.46,3.39,No
ACCT-20429,2021-06-15,Free,Fintech,0.0,0.0,31,3,1,1,700.07,0.0,0.0,No
ACCT-20430,2021-09-13,Professional,Healthcare,221.35,2656.2,28,7,1,6,1342.2,6197.8,4.62,No
ACCT-20431,2022-01-11,Enterprise,Manufacturing,1035.28,12423.36,24,18,1,10,1085.06,24846.72,22.9,No
ACCT-20432,2021-02-15,Professional,Fintech,199.79,2397.48,35,12,5,1,847.62,6992.65,8.25,No
ACCT-20433,2022-06-10,Professional,Healthcare,215.78,2589.36,19,14,5,3,1293.77,4099.82,3.17,Yes
ACCT-20434,2023-04-06,Basic,Fintech,49.72,596.64,9,3,3,5,291.64,447.48,1.53,No
ACCT-20435,2023-12-02,Basic,EdTech,51.9,622.8,1,3,4,4,1436.48,51.9,0.04,No
ACCT-20436,2022-01-11,Basic,Healthcare,52.31,627.72,24,4,1,10,423.1,1255.44,2.97,No
ACCT-20437,2022-12-07,Professional,Fintech,184.41,2212.92,13,15,1,10,632.95,2397.33,3.79,No
ACCT-20438,2022-08-09,Basic,EdTech,55.86,670.32,17,3,2,7,836.09,949.62,1.14,No
ACCT-20439,2022-06-10,Basic,Fintech,52.44,629.28,19,5,2,1,214.18,996.36,4.65,No
ACCT-20440,2022-06-10,Professional,E-commerce,203.38,2440.56,19,11,0,3,1011.71,3864.22,3.82,No
ACCT-20441,2023-05-06,Free,EdTech,0.0,0.0,8,2,3,3,857.53,0.0,0.0,No
ACCT-20442,2021-08-14,Enterprise,Manufacturing,936.1,11233.2,29,13,1,3,1037.19,27146.9,26.17,No
ACCT-20443,2022-12-07,Professional,Fintech,213.61,2563.32,13,14,2,2,1103.01,2776.93,2.52,Yes
ACCT-20444,2022-08-09,Basic,E-commerce,55.98,671.76,17,5,0,6,1470.07,951.66,0.65,No
ACCT-20445,2021-02-15,Professional,EdTech,190.42,2285.04,35,13,3,7,1257.04,6664.7,5.3,No
ACCT-20446,2023-08-04,Free,Fintech,0.0,0.0,5,3,1,8,1093.05,0.0,0.0,No
ACCT-20447,2023-03-07,Professional,Healthcare,203.13,2437.56,10,16,0,6,369.75,2031.3,5.49,No
ACCT-20448,2021-09-13,Enterprise,Manufacturing,1056.15,12673.8,28,15,0,6,1352.79,29572.2,21.86,No
ACCT-20449,2022-11-07,Enterprise,Manufacturing,1142.77,13713.24,14,15,0,10,1164.77,15998.78,13.74,No
ACCT-20450,2021-09-13,Professional,E-commerce,212.23,2546.76,28,8,1,9,1285.42,5942.44,4.62,No
ACCT-20451,2022-01-11,Enterprise,Fintech,985.93,11831.16,24,11,0,7,1174.08,23662.32,20.15,No
ACCT-20452,2022-05-11,Basic,Manufacturing,45.36,544.32,20,8,1,10,602.56,907.2,1.51,No
ACCT-20453,2021-08-14,Enterprise,Manufacturing,1133.97,13607.64,29,10,4,5,767.54,32885.13,42.84,No
ACCT-20454,2021-08-14,Enterprise,E-commerce,1080.65,12967.8,29,16,5,3,469.99,31338.85,66.68,Yes
ACCT-20455,2023-06-05,Basic,Healthcare,52.66,631.92,7,4,4,3,846.1,368.62,0.44,No
ACCT-20456,2022-01-11,Basic,EdTech,49.38,592.56,24,3,0,8,625.42,1185.12,1.89,No
ACCT-20457,2022-12-07,Professional,Manufacturing,208.02,2496.24,13,12,1,1,1198.1,2704.26,2.26,No
ACCT-20458,2021-11-12,Professional,E-commerce,198.86,2386.32,26,14,0,8,512.58,5170.36,10.09,No
ACCT-20459,2023-01-06,Professional,EdTech,188.24,2258.88,12,9,0,9,848.33,2258.88,2.66,No
ACCT-20460,2021-07-15,Basic,Fintech,48.99,587.88,30,2,1,7,1135.16,1469.7,1.29,Yes
ACCT-20461,2022-12-07,Professional,Manufacturing,208.93,2507.16,13,9,0,10,398.46,2716.09,6.82,No
ACCT-20462,2022-05-11,Basic,EdTech,46.84,562.08,20,6,4,3,836.95,936.8,1.12,Yes
ACCT-20463,2021-02-15,Basic,E-commerce,52.27,627.24,35,9,2,5,258.06,1829.45,7.09,No
ACCT-20464,2021-04-16,Basic,E-commerce,55.39,664.68,33,6,0,9,913.46,1827.87,2.0,No
ACCT-20465,2022-10-08,Enterprise,EdTech,912.78,10953.36,15,9,1,1,951.61,13691.7,14.39,No
ACCT-20466,2021-05-16,Free,Manufacturing,0.0,0.0,32,2,2,2,487.3,0.0,0.0,Yes
ACCT-20467,2023-03-07,Professional,Fintech,211.43,2537.16,10,7,1,8,1353.19,2114.3,1.56,No
ACCT-20468,2021-02-15,Basic,E-commerce,55.03,660.36,35,7,4,7,898.59,1926.05,2.14,No
ACCT-20469,2022-04-11,Professional,Manufacturing,192.91,2314.92,21,16,0,4,1208.58,4051.11,3.35,No
ACCT-20470,2021-09-13,Basic,Healthcare,49.57,594.84,28,4,3,3,463.86,1387.96,2.99,No
ACCT-20471,2023-01-06,Professional,Fintech,199.7,2396.4,12,11,1,6,1246.49,2396.4,1.92,Yes
ACCT-20472,2023-10-03,Enterprise,Healthcare,1042.64,12511.68,3,8,5,5,933.27,3127.92,3.35,No
ACCT-20473,2021-12-12,Professional,Manufacturing,208.64,2503.68,25,19,4,1,1055.14,5216.0,4.94,Yes
ACCT-20474,2023-09-03,Professional,E-commerce,181.23,2174.76,4,8,1,10,1241.82,724.92,0.58,No
ACCT-20475,2022-05-11,Professional,E-commerce,188.79,2265.48,20,8,2,2,926.31,3775.8,4.08,No
ACCT-20476,2023-02-05,Basic,Manufacturing,46.17,554.04,11,3,0,9,942.97,507.87,0.54,No
ACCT-20477,2021-03-17,Professional,Healthcare,210.65,2527.8,34,14,3,10,302.64,7162.1,23.67,No
ACCT-20478,2023-05-06,Free,Fintech,0.0,0.0,8,5,4,2,411.97,0.0,0.0,Yes
ACCT-20479,2022-05-11,Professional,Healthcare,196.69,2360.28,20,11,7,5,1368.55,3933.8,2.87,No
ACCT-20480,2023-01-06,Basic,EdTech,48.02,576.24,12,5,4,5,554.06,576.24,1.04,No
ACCT-20481,2023-02-05,Basic,Healthcare,47.11,565.32,11,4,1,10,817.83,518.21,0.63,No
ACCT-20482,2023-02-05,Enterprise,Manufacturing,961.49,11537.88,11,10,3,3,496.31,10576.39,21.31,No
ACCT-20483,2023-07-05,Professional,EdTech,221.07,2652.84,6,13,2,7,1192.26,1326.42,1.11,No
ACCT-20484,2022-10-08,Professional,Manufacturing,200.65,2407.8,15,15,1,3,364.53,3009.75,8.26,No
ACCT-20485,2023-03-07,Free,EdTech,0.0,0.0,10,4,2,4,1155.52,0.0,0.0,No
ACCT-20486,2023-11-02,Basic,Manufacturing,55.45,665.4,2,5,3,3,362.59,110.9,0.31,No
ACCT-20487,2021-11-12,Basic,E-commerce,48.57,582.84,26,2,0,9,553.54,1262.82,2.28,Yes
ACCT-20488,2021-08-14,Professional,EdTech,183.17,2198.04,29,15,3,5,1294.52,5311.93,4.1,No
ACCT-20489,2021-06-15,Basic,E-commerce,49.96,599.52,31,3,1,3,1238.67,1548.76,1.25,Yes
ACCT-20490,2021-09-13,Professional,E-commerce,189.9,2278.8,28,9,1,4,1334.64,5317.2,3.98,No
ACCT-20491,2023-03-07,Free,Healthcare,0.0,0.0,10,7,3,6,312.16,0.0,0.0,No
ACCT-20492,2023-11-02,Basic,E-commerce,54.33,651.96,2,3,0,9,894.69,108.66,0.12,Yes
ACCT-20493,2023-02-05,Basic,Fintech,49.73,596.76,11,3,1,8,810.22,547.03,0.68,Yes
ACCT-20494,2021-08-14,Free,E-commerce,0.0,0.0,29,6,2,6,465.96,0.0,0.0,No
ACCT-20495,2023-09-03,Free,E-commerce,0.0,0.0,4,3,2,7,713.75,0.0,0.0,No
ACCT-20496,2022-02-10,Basic,Manufacturing,52.74,632.88,23,4,2,4,614.47,1213.02,1.97,Yes
ACCT-20497,2021-08-14,Basic,Healthcare,52.71,632.52,29,3,8,4,1203.96,1528.59,1.27,Yes
ACCT-20498,2023-08-04,Basic,Fintech,46.76,561.12,5,5,0,10,1003.49,233.8,0.23,Yes
ACCT-20499,2022-07-10,Professional,Healthcare,202.96,2435.52,18,15,0,10,718.77,3653.28,5.08,No
ACCT-20500,2023-11-02,Basic,Fintech,53.02,636.24,2,6,3,3,961.94,106.04,0.11,Yes
ACCT-20501,2022-01-11,Free,E-commerce,0.0,0.0,24,2,1,7,322.39,0.0,0.0,Yes
ACCT-20502,2023-08-04,Basic,EdTech,51.03,612.36,5,5,1,8,1449.69,255.15,0.18,No
ACCT-20503,2023-01-06,Professional,Manufacturing,200.66,2407.92,12,11,3,10,1381.26,2407.92,1.74,No
ACCT-20504,2022-09-08,Enterprise,Fintech,934.6,11215.2,16,12,2,8,393.82,14953.6,37.97,No
ACCT-20505,2023-02-05,Free,EdTech,0.0,0.0,11,7,4,3,490.8,0.0,0.0,No
ACCT-20506,2022-11-07,Basic,E-commerce,55.93,671.16,14,5,2,3,1200.56,783.02,0.65,Yes
ACCT-20507,2022-01-11,Professional,Fintech,179.25,2151.0,24,10,4,4,1041.18,4302.0,4.13,No
ACCT-20508,2021-12-12,Basic,Healthcare,52.8,633.6,25,3,0,8,836.89,1320.0,1.58,No
ACCT-20509,2022-04-11,Free,E-commerce,0.0,0.0,21,5,7,4,271.45,0.0,0.0,Yes
ACCT-20510,2023-02-05,Professional,Healthcare,215.27,2583.24,11,8,0,7,1461.44,2367.97,1.62,No
ACCT-20511,2023-10-03,Professional,EdTech,200.92,2411.04,3,8,0,6,390.58,602.76,1.54,No
ACCT-20512,2021-04-16,Professional,E-commerce,179.86,2158.32,33,13,0,3,995.58,5935.38,5.96,Yes
ACCT-20513,2022-06-10,Enterprise,Manufacturing,944.9,11338.8,19,12,1,1,1262.89,17953.1,14.22,Yes
ACCT-20514,2023-07-05,Enterprise,Healthcare,1128.03,13536.36,6,6,4,3,1288.47,6768.18,5.25,No
ACCT-20515,2022-06-10,Professional,E-commerce,188.04,2256.48,19,12,5,5,1236.51,3572.76,2.89,No
ACCT-20516,2023-08-04,Basic,Healthcare,52.16,625.92,5,2,6,1,801.37,260.8,0.33,Yes
ACCT-20517,2023-04-06,Professional,E-commerce,223.5,2682.0,9,12,0,8,845.83,2011.5,2.38,No
ACCT-20518,2022-02-10,Free,Manufacturing,0.0,0.0,23,2,5,8,728.13,0.0,0.0,Yes
ACCT-20519,2022-06-10,Free,Manufacturing,0.0,0.0,19,5,3,3,547.82,0.0,0.0,Yes
ACCT-20520,2023-01-06,Free,Healthcare,0.0,0.0,12,5,1,7,778.55,0.0,0.0,No
ACCT-20521,2022-08-09,Professional,Manufacturing,208.67,2504.04,17,9,0,7,1034.28,3547.39,3.43,No
ACCT-20522,2023-09-03,Professional,EdTech,225.02,2700.24,4,10,1,4,1017.37,900.08,0.88,No
ACCT-20523,2023-08-04,Professional,Manufacturing,216.96,2603.52,5,12,6,2,1126.42,1084.8,0.96,No
ACCT-20524,2021-06-15,Basic,Fintech,54.6,655.2,31,10,0,9,884.99,1692.6,1.91,No
ACCT-20525,2023-05-06,Professional,EdTech,188.79,2265.48,8,17,3,6,592.57,1510.32,2.55,No
ACCT-20526,2022-09-08,Basic,Healthcare,46.66,559.92,16,3,2,10,645.43,746.56,1.16,No
ACCT-20527,2021-05-16,Basic,Healthcare,49.13,589.56,32,4,0,8,304.34,1572.16,5.17,No
ACCT-20528,2021-05-16,Enterprise,EdTech,902.27,10827.24,32,6,5,2,857.07,28872.64,33.69,Yes
ACCT-20529,2022-01-11,Free,EdTech,0.0,0.0,24,4,1,6,1096.23,0.0,0.0,No
ACCT-20530,2022-02-10,Professional,Fintech,200.55,2406.6,23,13,0,8,1389.93,4612.65,3.32,No
ACCT-20531,2021-07-15,Basic,E-commerce,46.93,563.16,30,5,4,1,1412.94,1407.9,1.0,No
ACCT-20532,2022-06-10,Professional,Manufacturing,226.4,2716.8,19,12,1,4,228.5,4301.6,18.83,No
ACCT-20533,2022-07-10,Professional,E-commerce,216.9,2602.8,18,10,0,7,964.46,3904.2,4.05,No
ACCT-20534,2021-12-12,Basic,Healthcare,44.23,530.76,25,4,3,5,1239.96,1105.75,0.89,No
ACCT-20535,2021-11-12,Professional,Manufacturing,203.63,2443.56,26,12,3,2,1491.3,5294.38,3.55,No
ACCT-20536,2022-12-07,Basic,Manufacturing,53.31,639.72,13,2,1,9,908.31,693.03,0.76,Yes
ACCT-20537,2021-05-16,Professional,Manufacturing,182.16,2185.92,32,9,0,10,565.38,5829.12,10.31,No
ACCT-20538,2023-10-03,Enterprise,Manufacturing,935.44,11225.28,3,6,7,5,326.92,2806.32,8.58,No
ACCT-20539,2021-12-12,Basic,E-commerce,47.25,567.0,25,2,3,4,914.67,1181.25,1.29,Yes
ACCT-20540,2023-04-06,Free,Manufacturing,0.0,0.0,9,4,1,5,282.13,0.0,0.0,No
ACCT-20541,2023-06-05,Professional,EdTech,226.93,2723.16,7,14,1,4,854.49,1588.51,1.86,No
ACCT-20542,2023-01-06,Basic,E-commerce,50.02,600.24,12,2,2,10,501.99,600.24,1.2,Yes
ACCT-20543,2022-12-07,Basic,Healthcare,48.14,577.68,13,4,1,8,510.33,625.82,1.23,No
ACCT-20544,2021-08-14,Professional,Fintech,221.16,2653.92,29,14,2,9,602.65,6413.64,10.64,No
ACCT-20545,2021-08-14,Professional,EdTech,188.67,2264.04,29,6,3,5,289.59,5471.43,18.89,No
ACCT-20546,2023-01-06,Professional,Manufacturing,195.99,2351.88,12,10,0,9,701.07,2351.88,3.35,No
ACCT-20547,2021-11-12,Professional,E-commerce,208.9,2506.8,26,7,4,4,543.3,5431.4,10.0,Yes
ACCT-20548,2021-10-13,Professional,Healthcare,219.99,2639.88,27,16,4,3,380.61,5939.73,15.61,No
ACCT-20549,2021-08-14,Basic,E-commerce,50.5,606.0,29,6,1,10,1287.48,1464.5,1.14,No
ACCT-20550,2021-02-15,Basic,EdTech,52.66,631.92,35,7,3,5,644.97,1843.1,2.86,No
ACCT-20551,2023-03-07,Basic,E-commerce,52.99,635.88,10,4,2,7,1098.42,529.9,0.48,No
ACCT-20552,2021-06-15,Free,EdTech,0.0,0.0,31,2,0,3,409.58,0.0,0.0,Yes
ACCT-20553,2023-04-06,Basic,Healthcare,47.23,566.76,9,5,1,6,651.92,425.07,0.65,No
ACCT-20554,2022-04-11,Professional,Manufacturing,217.01,2604.12,21,5,1,10,1111.41,4557.21,4.1,No
ACCT-20555,2022-03-12,Basic,E-commerce,47.56,570.72,22,1,5,1,647.17,1046.32,1.62,Yes
ACCT-20556,2022-07-10,Professional,Fintech,202.74,2432.88,18,12,1,6,793.58,3649.32,4.6,No
ACCT-20557,2022-03-12,Basic,Healthcare,49.42,593.04,22,6,4,6,646.33,1087.24,1.68,No
ACCT-20558,2023-02-05,Professional,Fintech,182.72,2192.64,11,15,0,8,542.48,2009.92,3.71,No
ACCT-20559,2023-01-06,Professional,Healthcare,223.82,2685.84,12,11,4,5,1026.48,2685.84,2.62,No
ACCT-20560,2023-05-06,Professional,EdTech,190.66,2287.92,8,11,1,10,792.89,1525.28,1.92,No
ACCT-20561,2021-05-16,Free,E-commerce,0.0,0.0,32,3,2,3,1003.98,0.0,0.0,No
ACCT-20562,2022-04-11,Professional,E-commerce,226.56,2718.72,21,20,0,8,264.63,4757.76,17.98,No
ACCT-20563,2023-10-03,Basic,EdTech,55.82,669.84,3,3,2,4,992.54,167.46,0.17,No
ACCT-20564,2021-08-14,Basic,Fintech,47.42,569.04,29,1,2,3,280.34,1375.18,4.91,Yes
ACCT-20565,2023-06-05,Free,E-commerce,0.0,0.0,7,3,4,5,281.12,0.0,0.0,No
ACCT-20566,2023-11-02,Professional,Fintech,223.94,2687.28,2,8,0,9,1479.36,447.88,0.3,No
ACCT-20567,2022-12-07,Professional,Manufacturing,223.58,2682.96,13,15,1,6,544.88,2906.54,5.33,No
ACCT-20568,2023-12-02,Free,EdTech,0.0,0.0,1,6,1,9,562.96,0.0,0.0,No
ACCT-20569,2021-02-15,Free,Healthcare,0.0,0.0,35,4,0,10,1434.72,0.0,0.0,No
ACCT-20570,2023-08-04,Basic,E-commerce,44.69,536.28,5,3,2,10,557.15,223.45,0.4,No
ACCT-20571,2023-02-05,Basic,Fintech,45.64,547.68,11,6,0,10,1494.86,502.04,0.34,No
ACCT-20572,2021-05-16,Free,EdTech,0.0,0.0,32,2,3,2,327.56,0.0,0.0,Yes
ACCT-20573,2023-08-04,Basic,E-commerce,51.02,612.24,5,3,0,9,446.14,255.1,0.57,No
ACCT-20574,2021-12-12,Basic,Fintech,54.34,652.08,25,3,4,2,431.79,1358.5,3.15,No
ACCT-20575,2023-09-03,Professional,E-commerce,227.65,2731.8,4,7,3,4,1112.56,910.6,0.82,No
ACCT-20576,2021-06-15,Enterprise,Healthcare,1097.04,13164.48,31,20,3,2,330.1,34008.24,103.02,Yes
ACCT-20577,2022-03-12,Basic,EdTech,54.61,655.32,22,3,5,5,400.46,1201.42,3.0,Yes
ACCT-20578,2023-08-04,Basic,EdTech,48.89,586.68,5,3,2,6,733.76,244.45,0.33,No
ACCT-20579,2021-12-12,Basic,E-commerce,48.37,580.44,25,3,0,8,1070.04,1209.25,1.13,No
ACCT-20580,2021-03-17,Enterprise,Fintech,925.81,11109.72,34,17,0,7,1229.19,31477.54,25.61,No
ACCT-20581,2021-08-14,Basic,EdTech,46.43,557.16,29,1,4,2,900.64,1346.47,1.5,No
ACCT-20582,2023-11-02,Professional,Manufacturing,182.19,2186.28,2,13,3,1,596.59,364.38,0.61,No
ACCT-20583,2022-10-08,Professional,Fintech,202.85,2434.2,15,10,2,5,611.72,3042.75,4.97,No
ACCT-20584,2021-09-13,Professional,Fintech,216.25,2595.0,28,12,0,9,654.73,6055.0,9.25,No
ACCT-20585,2022-03-12,Professional,Healthcare,228.34,2740.08,22,12,2,5,262.64,5023.48,19.13,Yes
ACCT-20586,2021-11-12,Free,Healthcare,0.0,0.0,26,5,3,2,573.24,0.0,0.0,No
ACCT-20587,2022-10-08,Enterprise,Fintech,923.02,11076.24,15,15,1,6,754.12,13845.3,18.36,No
ACCT-20588,2021-09-13,Basic,Manufacturing,46.38,556.56,28,7,1,5,1127.59,1298.64,1.15,Yes
ACCT-20589,2022-03-12,Professional,Healthcare,192.46,2309.52,22,10,6,5,1221.56,4234.12,3.47,No
ACCT-20590,2021-10-13,Professional,Fintech,216.61,2599.32,27,19,2,4,207.39,5848.47,28.2,Yes
ACCT-20591,2023-05-06,Professional,E-commerce,203.79,2445.48,8,6,5,10,1185.93,1630.32,1.37,Yes
ACCT-20592,2022-09-08,Professional,E-commerce,205.66,2467.92,16,12,7,2,1326.24,3290.56,2.48,Yes
ACCT-20593,2023-12-02,Free,Healthcare,0.0,0.0,1,8,4,4,1231.13,0.0,0.0,Yes
ACCT-20594,2023-04-06,Basic,Manufacturing,54.26,651.12,9,2,1,9,1076.06,488.34,0.45,Yes
ACCT-20595,2021-07-15,Enterprise,Manufacturing,1073.01,12876.12,30,11,1,10,1093.41,32190.3,29.44,No
ACCT-20596,2022-02-10,Basic,Manufacturing,53.11,637.32,23,7,0,8,1317.31,1221.53,0.93,No
ACCT-20597,2022-03-12,Enterprise,Fintech,1069.07,12828.84,22,13,2,9,299.08,23519.54,78.64,No
ACCT-20598,2023-01-06,Professional,E-commerce,196.68,2360.16,12,10,5,3,985.58,2360.16,2.39,No
ACCT-20599,2021-09-13,Professional,Manufacturing,194.31,2331.72,28,13,3,1,1437.09,5440.68,3.79,No
ACCT-20600,2022-08-09,Enterprise,EdTech,1069.73,12836.76,17,14,2,8,1076.76,18185.41,16.89,No
ACCT-20601,2023-11-02,Professional,Healthcare,196.78,2361.36,2,10,0,7,581.33,393.56,0.68,No
ACCT-20602,2023-06-05,Professional,E-commerce,228.17,2738.04,7,11,0,9,1198.92,1597.19,1.33,No
ACCT-20603,2023-07-05,Basic,E-commerce,53.4,640.8,6,8,3,5,376.97,320.4,0.85,No
ACCT-20604,2021-05-16,Basic,E-commerce,51.68,620.16,32,3,1,7,1365.81,1653.76,1.21,No
ACCT-20605,2021-11-12,Basic,E-commerce,50.96,611.52,26,3,5,5,1047.29,1324.96,1.27,Yes
ACCT-20606,2021-10-13,Professional,E-commerce,203.58,2442.96,27,11,1,8,1044.22,5496.66,5.26,No
ACCT-20607,2021-11-12,Basic,Fintech,46.99,563.88,26,1,2,2,647.3,1221.74,1.89,No
ACCT-20608,2021-02-15,Basic,Manufacturing,44.8,537.6,35,1,3,2,847.41,1568.0,1.85,Yes
ACCT-20609,2022-08-09,Professional,E-commerce,180.9,2170.8,17,8,4,5,1252.2,3075.3,2.46,No
ACCT-20610,2021-08-14,Basic,Manufacturing,46.22,554.64,29,5,2,10,406.58,1340.38,3.3,No
ACCT-20611,2022-11-07,Professional,Fintech,213.8,2565.6,14,12,0,8,829.9,2993.2,3.61,No
ACCT-20612,2022-09-08,Professional,E-commerce,215.81,2589.72,16,11,1,8,989.67,3452.96,3.49,No
ACCT-20613,2021-05-16,Free,Healthcare,0.0,0.0,32,4,4,9,1149.65,0.0,0.0,No
ACCT-20614,2022-12-07,Professional,Fintech,215.82,2589.84,13,12,0,7,1292.43,2805.66,2.17,No
ACCT-20615,2021-10-13,Enterprise,Healthcare,905.4,10864.8,27,11,4,4,859.61,24445.8,28.44,Yes
ACCT-20616,2021-09-13,Professional,EdTech,184.77,2217.24,28,10,3,3,1191.68,5173.56,4.34,Yes
ACCT-20617,2023-07-05,Basic,EdTech,55.4,664.8,6,4,0,10,1385.57,332.4,0.24,Yes
ACCT-20618,2023-08-04,Professional,Healthcare,210.0,2520.0,5,17,1,6,588.59,1050.0,1.78,No
ACCT-20619,2022-02-10,Professional,EdTech,186.6,2239.2,23,14,5,3,549.32,4291.8,7.81,Yes
ACCT-20620,2022-05-11,Professional,E-commerce,202.27,2427.24,20,16,3,5,1026.65,4045.4,3.94,No
ACCT-20621,2023-03-07,Professional,E-commerce,225.6,2707.2,10,15,0,9,1362.21,2256.0,1.66,No
ACCT-20622,2021-10-13,Professional,EdTech,197.63,2371.56,27,13,0,8,908.56,5336.01,5.87,No
ACCT-20623,2022-08-09,Basic,Healthcare,45.36,544.32,17,2,4,2,489.59,771.12,1.58,Yes
ACCT-20624,2023-05-06,Free,Manufacturing,0.0,0.0,8,2,2,1,1045.32,0.0,0.0,Yes
ACCT-20625,2022-09-08,Basic,Fintech,53.69,644.28,16,6,0,10,1024.72,859.04,0.84,No
ACCT-20626,2021-03-17,Free,Manufacturing,0.0,0.0,34,3,0,9,1309.69,0.0,0.0,No
ACCT-20627,2023-04-06,Professional,Healthcare,196.9,2362.8,9,7,0,10,456.35,1772.1,3.88,No
ACCT-20628,2021-09-13,Basic,Manufacturing,53.55,642.6,28,1,3,7,973.42,1499.4,1.54,Yes
ACCT-20629,2023-07-05,Professional,EdTech,191.12,2293.44,6,10,1,10,821.57,1146.72,1.4,No
ACCT-20630,2021-12-12,Enterprise,Manufacturing,1091.19,13094.28,25,11,0,9,1434.59,27279.75,19.02,No
ACCT-20631,2022-06-10,Free,Fintech,0.0,0.0,19,7,1,7,601.82,0.0,0.0,No
ACCT-20632,2021-03-17,Professional,EdTech,191.04,2292.48,34,12,5,5,917.56,6495.36,7.08,No
ACCT-20633,2023-06-05,Enterprise,Healthcare,944.74,11336.88,7,11,3,4,734.24,6613.18,9.01,No
ACCT-20634,2021-10-13,Professional,E-commerce,214.99,2579.88,27,13,1,9,496.6,5804.73,11.69,No
ACCT-20635,2022-12-07,Basic,Fintech,47.82,573.84,13,5,4,1,812.63,621.66,0.76,Yes
ACCT-20636,2023-04-06,Professional,EdTech,215.3,2583.6,9,12,1,10,761.8,1937.7,2.54,No
ACCT-20637,2023-02-05,Professional,Healthcare,225.03,2700.36,11,8,7,2,648.0,2475.33,3.82,Yes
ACCT-20638,2022-07-10,Professional,Healthcare,182.44,2189.28,18,7,0,6,1409.94,3283.92,2.33,No
ACCT-20639,2022-12-07,Basic,Fintech,49.55,594.6,13,4,2,4,1438.32,644.15,0.45,Yes
ACCT-20640,2022-03-12,Professional,E-commerce,205.31,2463.72,22,5,4,4,1438.67,4516.82,3.14,Yes
ACCT-20641,2022-02-10,Enterprise,Manufacturing,976.83,11721.96,23,10,0,7,779.53,22467.09,28.82,No
ACCT-20642,2022-03-12,Basic,Manufacturing,48.86,586.32,22,2,2,9,490.61,1074.92,2.19,No
ACCT-20643,2021-02-15,Basic,Healthcare,48.41,580.92,35,3,4,2,556.76,1694.35,3.04,No
ACCT-20644,2021-02-15,Basic,Healthcare,49.69,596.28,35,3,8,4,922.9,1739.15,1.88,Yes
ACCT-20645,2021-12-12,Basic,Manufacturing,51.79,621.48,25,2,0,7,769.36,1294.75,1.68,No
ACCT-20646,2021-02-15,Enterprise,EdTech,1117.31,13407.72,35,18,0,6,822.82,39105.85,47.53,No
ACCT-20647,2021-05-16,Free,E-commerce,0.0,0.0,32,2,1,6,1047.01,0.0,0.0,No
ACCT-20648,2023-11-02,Professional,Fintech,221.21,2654.52,2,8,7,3,1067.68,442.42,0.41,No
ACCT-20649,2023-12-02,Professional,E-commerce,199.07,2388.84,1,8,0,8,1178.59,199.07,0.17,No
ACCT-20650,2023-06-05,Free,EdTech,0.0,0.0,7,2,0,10,1235.89,0.0,0.0,No
ACCT-20651,2023-01-06,Basic,E-commerce,56.35,676.2,12,7,1,8,650.92,676.2,1.04,Yes
ACCT-20652,2022-08-09,Professional,EdTech,220.99,2651.88,17,10,4,5,952.72,3756.83,3.94,No
ACCT-20653,2021-09-13,Professional,Manufacturing,193.77,2325.24,28,10,2,9,972.13,5425.56,5.58,No
ACCT-20654,2023-06-05,Basic,EdTech,52.57,630.84,7,6,1,7,1214.3,367.99,0.3,No
ACCT-20655,2021-04-16,Basic,Fintech,49.13,589.56,33,2,4,2,660.15,1621.29,2.46,Yes
ACCT-20656,2022-01-11,Professional,Fintech,181.56,2178.72,24,11,0,9,1233.9,4357.44,3.53,No
ACCT-20657,2021-08-14,Professional,E-commerce,187.58,2250.96,29,9,4,1,466.83,5439.82,11.65,No
ACCT-20658,2022-03-12,Enterprise,Manufacturing,1075.25,12903.0,22,10,3,5,1471.95,23655.5,16.07,Yes
ACCT-20659,2023-05-06,Basic,E-commerce,55.69,668.28,8,5,1,4,437.52,445.52,1.02,Yes
ACCT-20660,2023-07-05,Basic,E-commerce,52.97,635.64,6,4,0,10,867.41,317.82,0.37,Yes
ACCT-20661,2023-04-06,Free,E-commerce,0.0,0.0,9,3,1,2,254.4,0.0,0.0,No
ACCT-20662,2022-02-10,Professional,E-commerce,211.07,2532.84,23,19,4,1,425.49,4854.61,11.41,No
ACCT-20663,2023-10-03,Professional,Manufacturing,189.68,2276.16,3,6,1,5,1044.27,569.04,0.54,No
ACCT-20664,2023-04-06,Basic,EdTech,46.8,561.6,9,3,3,8,1292.53,421.2,0.33,No
ACCT-20665,2022-07-10,Professional,EdTech,181.87,2182.44,18,14,0,9,715.23,3273.66,4.58,No
ACCT-20666,2021-08-14,Basic,EdTech,49.18,590.16,29,6,3,5,1447.22,1426.22,0.99,No
ACCT-20667,2022-08-09,Professional,E-commerce,211.18,2534.16,17,14,0,6,1389.6,3590.06,2.58,No
ACCT-20668,2021-05-16,Professional,E-commerce,180.76,2169.12,32,16,3,2,1372.51,5784.32,4.21,No
ACCT-20669,2023-07-05,Enterprise,Healthcare,1122.72,13472.64,6,7,0,8,1007.05,6736.32,6.69,No
ACCT-20670,2022-08-09,Free,Healthcare,0.0,0.0,17,2,0,6,812.98,0.0,0.0,No
ACCT-20671,2022-05-11,Basic,E-commerce,48.64,583.68,20,2,3,10,529.25,972.8,1.84,No
ACCT-20672,2023-11-02,Free,Fintech,0.0,0.0,2,7,1,8,934.77,0.0,0.0,No
ACCT-20673,2023-11-02,Free,EdTech,0.0,0.0,2,4,3,5,614.09,0.0,0.0,No
ACCT-20674,2022-05-11,Basic,EdTech,55.55,666.6,20,3,2,1,1041.55,1111.0,1.07,No
ACCT-20675,2023-03-07,Basic,E-commerce,45.87,550.44,10,1,1,1,281.45,458.7,1.63,Yes
ACCT-20676,2023-06-05,Free,Manufacturing,0.0,0.0,7,3,2,7,697.91,0.0,0.0,No
ACCT-20677,2023-05-06,Basic,Manufacturing,46.63,559.56,8,5,2,7,1032.74,373.04,0.36,No
ACCT-20678,2022-07-10,Professional,Healthcare,203.99,2447.88,18,13,3,1,1395.56,3671.82,2.63,Yes
ACCT-20679,2023-06-05,Professional,Fintech,191.64,2299.68,7,7,5,2,615.11,1341.48,2.18,Yes
ACCT-20680,2023-07-05,Professional,Manufacturing,204.29,2451.48,6,13,2,2,544.57,1225.74,2.25,Yes
ACCT-20681,2022-05-11,Professional,Manufacturing,228.76,2745.12,20,16,3,7,318.01,4575.2,14.39,No
ACCT-20682,2021-10-13,Professional,Manufacturing,181.72,2180.64,27,8,0,7,353.35,4906.44,13.89,Yes
ACCT-20683,2022-10-08,Enterprise,Healthcare,920.69,11048.28,15,19,0,8,1469.42,13810.35,9.4,No
ACCT-20684,2022-10-08,Basic,EdTech,49.96,599.52,15,2,2,5,910.21,749.4,0.82,No
ACCT-20685,2023-06-05,Basic,EdTech,46.46,557.52,7,5,4,1,310.19,325.22,1.05,Yes
ACCT-20686,2022-06-10,Basic,Healthcare,51.97,623.64,19,1,5,4,519.59,987.43,1.9,Yes
ACCT-20687,2021-09-13,Enterprise,Manufacturing,1028.47,12341.64,28,10,1,8,1113.37,28797.16,25.86,No
ACCT-20688,2023-11-02,Basic,Healthcare,50.27,603.24,2,5,4,4,1152.19,100.54,0.09,Yes
ACCT-20689,2021-08-14,Basic,E-commerce,52.13,625.56,29,2,2,10,851.11,1511.77,1.78,Yes
ACCT-20690,2023-10-03,Professional,Manufacturing,209.15,2509.8,3,12,1,6,742.64,627.45,0.84,No
ACCT-20691,2023-03-07,Professional,Fintech,201.21,2414.52,10,11,6,3,260.53,2012.1,7.72,Yes
ACCT-20692,2022-08-09,Professional,E-commerce,180.95,2171.4,17,9,4,3,210.78,3076.15,14.59,No
ACCT-20693,2022-01-11,Professional,Fintech,221.5,2658.0,24,14,1,1,524.35,5316.0,10.14,No
ACCT-20694,2021-07-15,Basic,EdTech,55.07,660.84,30,4,2,6,971.33,1652.1,1.7,No
ACCT-20695,2022-11-07,Basic,Manufacturing,54.23,650.76,14,5,2,3,733.78,759.22,1.03,No
ACCT-20696,2021-07-15,Professional,Manufacturing,197.66,2371.92,30,14,1,9,843.67,5929.8,7.03,No
ACCT-20697,2023-06-05,Free,Healthcare,0.0,0.0,7,4,2,1,1246.98,0.0,0.0,No
ACCT-20698,2022-03-12,Professional,Manufacturing,191.03,2292.36,22,8,3,8,1306.65,4202.66,3.22,No
ACCT-20699,2021-07-15,Enterprise,Healthcare,899.73,10796.76,30,12,1,10,1028.71,26991.9,26.24,Yes
ACCT-20700,2022-06-10,Basic,E-commerce,53.32,639.84,19,3,1,8,465.08,1013.08,2.18,No
ACCT-20701,2022-04-11,Basic,Healthcare,54.44,653.28,21,9,3,4,823.78,1143.24,1.39,Yes
ACCT-20702,2021-10-13,Enterprise,EdTech,1012.73,12152.76,27,9,0,10,953.35,27343.71,28.68,No
ACCT-20703,2022-03-12,Basic,E-commerce,50.05,600.6,22,2,1,9,1499.86,1101.1,0.73,No
ACCT-20704,2023-01-06,Professional,EdTech,203.34,2440.08,12,14,2,4,1257.98,2440.08,1.94,Yes
ACCT-20705,2022-07-10,Professional,Manufacturing,216.08,2592.96,18,17,1,1,970.97,3889.44,4.01,No
ACCT-20706,2022-10-08,Basic,E-commerce,47.27,567.24,15,5,5,5,911.62,709.05,0.78,No
ACCT-20707,2023-05-06,Enterprise,EdTech,957.59,11491.08,8,15,1,6,433.74,7660.72,17.66,No
ACCT-20708,2022-04-11,Basic,E-commerce,45.72,548.64,21,5,1,9,1304.07,960.12,0.74,No
ACCT-20709,2022-06-10,Enterprise,E-commerce,1082.79,12993.48,19,7,4,3,705.27,20573.01,29.17,No
ACCT-20710,2021-06-15,Enterprise,EdTech,1084.42,13013.04,31,14,2,5,1400.37,33617.02,24.01,No
ACCT-20711,2022-09-08,Professional,Manufacturing,193.16,2317.92,16,11,4,1,1485.19,3090.56,2.08,Yes
ACCT-20712,2021-02-15,Basic,EdTech,52.84,634.08,35,4,2,8,838.64,1849.4,2.21,No
ACCT-20713,2022-02-10,Professional,EdTech,198.58,2382.96,23,14,0,6,1101.12,4567.34,4.15,No
ACCT-20714,2022-03-12,Basic,Manufacturing,56.11,673.32,22,7,4,2,267.49,1234.42,4.61,Yes
ACCT-20715,2022-10-08,Basic,EdTech,54.2,650.4,15,2,0,8,526.09,813.0,1.55,Yes
ACCT-20716,2021-05-16,Basic,Healthcare,51.78,621.36,32,2,1,6,533.53,1656.96,3.11,Yes
ACCT-20717,2023-12-02,Professional,E-commerce,201.39,2416.68,1,7,0,7,273.72,201.39,0.74,No
ACCT-20718,2021-05-16,Free,Manufacturing,0.0,0.0,32,6,1,4,1415.01,0.0,0.0,No
ACCT-20719,2021-05-16,Free,Healthcare,0.0,0.0,32,3,3,5,418.26,0.0,0.0,No
ACCT-20720,2021-10-13,Enterprise,E-commerce,1019.25,12231.0,27,11,0,9,717.13,27519.75,38.37,No
ACCT-20721,2022-05-11,Professional,EdTech,185.73,2228.76,20,13,2,6,297.07,3714.6,12.5,No
ACCT-20722,2023-10-03,Professional,EdTech,226.03,2712.36,3,10,3,5,507.1,678.09,1.34,No
ACCT-20723,2022-05-11,Enterprise,E-commerce,1091.42,13097.04,20,5,1,3,869.35,21828.4,25.11,No
ACCT-20724,2021-02-15,Free,EdTech,0.0,0.0,35,5,3,1,1004.73,0.0,0.0,No
ACCT-20725,2022-02-10,Basic,Fintech,55.06,660.72,23,5,0,7,578.29,1266.38,2.19,No
ACCT-20726,2023-09-03,Professional,EdTech,179.92,2159.04,4,14,0,6,756.1,719.68,0.95,No
ACCT-20727,2021-10-13,Professional,Manufacturing,215.9,2590.8,27,19,6,1,392.74,5829.3,14.84,Yes
ACCT-20728,2021-08-14,Professional,Fintech,224.94,2699.28,29,9,1,6,788.28,6523.26,8.28,No
ACCT-20729,2023-08-04,Professional,Healthcare,188.08,2256.96,5,14,2,4,429.88,940.4,2.19,No
ACCT-20730,2021-10-13,Basic,Healthcare,52.71,632.52,27,4,1,8,935.87,1423.17,1.52,No
ACCT-20731,2023-08-04,Free,E-commerce,0.0,0.0,5,1,3,4,249.49,0.0,0.0,Yes
ACCT-20732,2022-02-10,Free,Manufacturing,0.0,0.0,23,2,1,3,345.8,0.0,0.0,Yes
ACCT-20733,2022-02-10,Basic,EdTech,48.45,581.4,23,5,3,5,400.2,1114.35,2.78,No
ACCT-20734,2022-02-10,Free,Manufacturing,0.0,0.0,23,3,5,4,748.05,0.0,0.0,Yes
ACCT-20735,2023-11-02,Free,Healthcare,0.0,0.0,2,4,0,8,734.74,0.0,0.0,No
ACCT-20736,2022-04-11,Professional,EdTech,207.68,2492.16,21,14,2,7,357.82,4361.28,12.19,No
ACCT-20737,2023-09-03,Professional,EdTech,193.52,2322.24,4,14,3,4,447.81,774.08,1.73,No
ACCT-20738,2021-09-13,Basic,EdTech,52.35,628.2,28,6,3,7,681.1,1465.8,2.15,No
ACCT-20739,2022-04-11,Professional,E-commerce,219.73,2636.76,21,9,5,5,454.87,4614.33,10.14,Yes
ACCT-20740,2021-12-12,Professional,EdTech,218.97,2627.64,25,11,1,7,1147.12,5474.25,4.77,No
ACCT-20741,2022-01-11,Enterprise,EdTech,924.45,11093.4,24,11,3,4,374.35,22186.8,59.27,No
ACCT-20742,2021-11-12,Basic,E-commerce,46.39,556.68,26,3,2,2,1204.63,1206.14,1.0,Yes
ACCT-20743,2022-07-10,Basic,E-commerce,49.36,592.32,18,6,0,9,1029.2,888.48,0.86,No
ACCT-20744,2023-08-04,Basic,Healthcare,49.53,594.36,5,7,1,2,336.65,247.65,0.74,Yes
ACCT-20745,2023-11-02,Basic,Fintech,50.97,611.64,2,3,2,3,782.81,101.94,0.13,No
ACCT-20746,2022-03-12,Free,EdTech,0.0,0.0,22,2,1,8,1026.58,0.0,0.0,No
ACCT-20747,2022-04-11,Professional,Healthcare,199.41,2392.92,21,14,4,2,525.28,4187.61,7.97,No
ACCT-20748,2023-08-04,Professional,EdTech,183.46,2201.52,5,12,2,4,1456.07,917.3,0.63,No
ACCT-20749,2021-08-14,Enterprise,E-commerce,972.8,11673.6,29,11,1,10,1399.12,28211.2,20.16,No
ACCT-20750,2023-09-03,Free,EdTech,0.0,0.0,4,2,3,2,498.89,0.0,0.0,Yes
ACCT-20751,2022-03-12,Basic,EdTech,45.04,540.48,22,5,4,5,479.01,990.88,2.07,No
ACCT-20752,2023-11-02,Enterprise,EdTech,1074.22,12890.64,2,14,5,4,983.75,2148.44,2.18,No
ACCT-20753,2023-07-05,Free,Fintech,0.0,0.0,6,4,4,1,1411.73,0.0,0.0,Yes
ACCT-20754,2022-07-10,Professional,Healthcare,218.16,2617.92,18,15,4,2,515.92,3926.88,7.61,No
ACCT-20755,2023-04-06,Basic,E-commerce,44.39,532.68,9,4,3,5,792.93,399.51,0.5,No
ACCT-20756,2023-09-03,Professional,Manufacturing,199.72,2396.64,4,10,1,7,550.36,798.88,1.45,No
ACCT-20757,2021-02-15,Basic,EdTech,51.22,614.64,35,7,3,4,425.39,1792.7,4.21,Yes
ACCT-20758,2022-01-11,Basic,E-commerce,55.91,670.92,24,2,3,5,934.91,1341.84,1.44,No
ACCT-20759,2021-05-16,Professional,Manufacturing,198.36,2380.32,32,15,3,4,416.06,6347.52,15.26,No
ACCT-20760,2022-07-10,Basic,EdTech,45.86,550.32,18,4,5,3,545.77,825.48,1.51,Yes
ACCT-20761,2022-07-10,Basic,EdTech,49.94,599.28,18,3,1,10,912.12,898.92,0.99,No
ACCT-20762,2021-03-17,Professional,Fintech,199.94,2399.28,34,4,3,1,447.17,6797.96,15.2,Yes
ACCT-20763,2023-03-07,Free,Fintech,0.0,0.0,10,2,6,3,763.99,0.0,0.0,Yes
ACCT-20764,2023-12-02,Professional,Healthcare,181.66,2179.92,1,14,3,2,1394.79,181.66,0.13,Yes
ACCT-20765,2022-11-07,Basic,EdTech,47.9,574.8,14,8,2,3,718.32,670.6,0.93,No
ACCT-20766,2022-12-07,Basic,Manufacturing,52.4,628.8,13,2,0,8,361.18,681.2,1.89,Yes
ACCT-20767,2023-10-03,Basic,Healthcare,55.43,665.16,3,1,6,2,759.02,166.29,0.22,Yes
ACCT-20768,2021-07-15,Basic,E-commerce,47.07,564.84,30,6,2,9,417.86,1412.1,3.38,Yes
ACCT-20769,2021-02-15,Enterprise,Fintech,996.89,11962.68,35,9,2,8,1050.37,34891.15,33.22,No
ACCT-20770,2023-11-02,Professional,EdTech,192.73,2312.76,2,13,0,3,380.24,385.46,1.01,No
ACCT-20771,2023-01-06,Basic,Healthcare,52.71,632.52,12,4,0,8,1194.53,632.52,0.53,No
ACCT-20772,2022-04-11,Professional,E-commerce,179.1,2149.2,21,13,1,6,802.81,3761.1,4.68,No
ACCT-20773,2021-07-15,Professional,E-commerce,180.43,2165.16,30,6,1,10,1389.82,5412.9,3.89,No
ACCT-20774,2021-10-13,Basic,Fintech,45.84,550.08,27,8,7,5,386.57,1237.68,3.2,Yes
ACCT-20775,2021-11-12,Free,Healthcare,0.0,0.0,26,6,0,9,1135.48,0.0,0.0,No
ACCT-20776,2023-02-05,Basic,Manufacturing,44.1,529.2,11,4,3,5,1036.13,485.1,0.47,No
ACCT-20777,2023-09-03,Basic,Healthcare,46.82,561.84,4,2,1,7,1322.65,187.28,0.14,No
ACCT-20778,2021-03-17,Basic,Healthcare,47.8,573.6,34,2,0,8,1211.71,1625.2,1.34,Yes
ACCT-20779,2023-11-02,Basic,Healthcare,53.25,639.0,2,4,8,4,1252.45,106.5,0.09,Yes
ACCT-20780,2021-04-16,Professional,Healthcare,188.57,2262.84,33,10,0,7,436.81,6222.81,14.25,No
ACCT-20781,2023-11-02,Professional,Healthcare,198.89,2386.68,2,14,4,3,781.8,397.78,0.51,No
ACCT-20782,2023-05-06,Free,Healthcare,0.0,0.0,8,2,0,2,200.31,0.0,0.0,Yes
ACCT-20783,2023-09-03,Enterprise,E-commerce,1019.45,12233.4,4,16,1,7,1461.52,4077.8,2.79,No
ACCT-20784,2022-01-11,Professional,EdTech,205.61,2467.32,24,8,1,6,965.74,4934.64,5.11,No
ACCT-20785,2021-07-15,Basic,Healthcare,51.35,616.2,30,6,0,6,1046.57,1540.5,1.47,Yes
ACCT-20786,2023-07-05,Professional,E-commerce,218.57,2622.84,6,6,3,4,976.17,1311.42,1.34,No
ACCT-20787,2023-08-04,Professional,Manufacturing,196.76,2361.12,5,12,2,3,398.95,983.8,2.47,Yes
ACCT-20788,2021-09-13,Basic,Fintech,47.88,574.56,28,5,1,8,235.27,1340.64,5.7,No
ACCT-20789,2021-03-17,Professional,E-commerce,183.77,2205.24,34,7,3,4,311.09,6248.18,20.08,No
ACCT-20790,2023-04-06,Enterprise,EdTech,971.19,11654.28,9,20,2,5,661.56,8740.71,13.21,No
ACCT-20791,2023-12-02,Basic,Healthcare,45.01,540.12,1,5,2,5,1434.19,45.01,0.03,No
ACCT-20792,2023-03-07,Basic,E-commerce,52.96,635.52,10,4,1,6,978.5,529.6,0.54,No
ACCT-20793,2021-02-15,Enterprise,Fintech,969.22,11630.64,35,5,2,5,1271.01,33922.7,26.69,No
ACCT-20794,2021-03-17,Basic,E-commerce,45.0,540.0,34,1,4,7,849.76,1530.0,1.8,Yes
ACCT-20795,2023-05-06,Professional,Healthcare,225.78,2709.36,8,14,2,3,1131.06,1806.24,1.6,No
ACCT-20796,2022-11-07,Professional,E-commerce,218.22,2618.64,14,9,5,1,791.13,3055.08,3.86,Yes
ACCT-20797,2021-08-14,Professional,Fintech,186.79,2241.48,29,17,1,7,953.57,5416.91,5.68,No
ACCT-20798,2021-06-15,Professional,EdTech,206.12,2473.44,31,15,1,10,1072.96,6389.72,5.96,No
ACCT-20799,2021-09-13,Enterprise,Manufacturing,1092.36,13108.32,28,11,1,8,1374.86,30586.08,22.25,No
ACCT-20800,2022-08-09,Professional,Manufacturing,203.64,2443.68,17,13,2,1,915.35,3461.88,3.78,Yes
ACCT-20801,2021-10-13,Basic,Healthcare,53.3,639.6,27,3,1,8,460.32,1439.1,3.13,No
ACCT-20802,2023-10-03,Free,Manufacturing,0.0,0.0,3,0,2,10,1147.27,0.0,0.0,No
ACCT-20803,2023-02-05,Basic,E-commerce,49.15,589.8,11,8,3,6,982.19,540.65,0.55,No
ACCT-20804,2021-05-16,Free,E-commerce,0.0,0.0,32,4,0,4,306.23,0.0,0.0,No
ACCT-20805,2021-04-16,Basic,Fintech,49.51,594.12,33,6,1,7,571.06,1633.83,2.86,No
ACCT-20806,2022-09-08,Free,Healthcare,0.0,0.0,16,2,0,9,1076.23,0.0,0.0,No
ACCT-20807,2022-12-07,Basic,E-commerce,52.46,629.52,13,0,0,10,611.25,681.98,1.12,Yes
ACCT-20808,2021-05-16,Enterprise,Healthcare,919.22,11030.64,32,11,1,3,307.55,29415.04,95.64,No
ACCT-20809,2022-03-12,Enterprise,Manufacturing,919.02,11028.24,22,10,1,3,556.68,20218.44,36.32,Yes
ACCT-20810,2021-09-13,Enterprise,E-commerce,920.92,11051.04,28,7,3,2,834.88,25785.76,30.89,No
ACCT-20811,2022-05-11,Enterprise,EdTech,983.68,11804.16,20,10,1,10,291.28,19673.6,67.54,No
ACCT-20812,2021-08-14,Enterprise,EdTech,1052.05,12624.6,29,21,0,7,603.27,30509.45,50.57,No
ACCT-20813,2023-12-02,Professional,Healthcare,219.18,2630.16,1,5,0,10,751.63,219.18,0.29,No
ACCT-20814,2023-12-02,Professional,Healthcare,187.29,2247.48,1,11,0,6,1444.77,187.29,0.13,No
ACCT-20815,2023-08-04,Professional,Fintech,215.78,2589.36,5,10,2,2,297.33,1078.9,3.63,Yes
ACCT-20816,2021-12-12,Free,Fintech,0.0,0.0,25,4,3,5,1334.6,0.0,0.0,No
ACCT-20817,2022-03-12,Basic,EdTech,50.88,610.56,22,1,4,2,848.26,1119.36,1.32,Yes
ACCT-20818,2023-10-03,Basic,Fintech,48.73,584.76,3,8,1,8,1289.94,146.19,0.11,No
ACCT-20819,2021-06-15,Professional,E-commerce,206.58,2478.96,31,13,0,10,1045.14,6403.98,6.13,No
ACCT-20820,2023-02-05,Professional,Healthcare,196.46,2357.52,11,6,6,5,1158.45,2161.06,1.87,Yes
ACCT-20821,2023-08-04,Basic,EdTech,44.21,530.52,5,5,1,8,613.83,221.05,0.36,No
ACCT-20822,2022-12-07,Basic,Fintech,52.86,634.32,13,3,5,3,243.56,687.18,2.82,No
ACCT-20823,2022-06-10,Professional,Manufacturing,219.43,2633.16,19,13,1,8,887.5,4169.17,4.7,No
ACCT-20824,2022-09-08,Professional,Manufacturing,222.9,2674.8,16,11,5,3,708.69,3566.4,5.03,Yes
ACCT-20825,2021-04-16,Professional,Healthcare,197.73,2372.76,33,10,1,7,543.98,6525.09,12.0,No
ACCT-20826,2021-07-15,Free,E-commerce,0.0,0.0,30,3,4,2,1440.93,0.0,0.0,No
ACCT-20827,2021-08-14,Enterprise,E-commerce,936.26,11235.12,29,13,0,6,480.55,27151.54,56.5,No
ACCT-20828,2021-09-13,Basic,Healthcare,55.38,664.56,28,3,1,6,761.01,1550.64,2.04,Yes
ACCT-20829,2022-08-09,Professional,Fintech,200.85,2410.2,17,14,1,7,1436.05,3414.45,2.38,No
ACCT-20830,2023-03-07,Professional,Fintech,200.0,2400.0,10,9,0,8,1409.1,2000.0,1.42,No
ACCT-20831,2023-01-06,Enterprise,EdTech,978.66,11743.92,12,9,2,9,881.72,11743.92,13.32,No
ACCT-20832,2023-07-05,Enterprise,E-commerce,944.71,11336.52,6,11,1,7,1446.23,5668.26,3.92,No
ACCT-20833,2021-02-15,Basic,E-commerce,44.34,532.08,35,3,4,9,1229.21,1551.9,1.26,No
ACCT-20834,2022-06-10,Basic,EdTech,46.39,556.68,19,4,3,2,877.84,881.41,1.0,No
ACCT-20835,2022-07-10,Basic,Healthcare,50.56,606.72,18,1,5,2,534.8,910.08,1.7,Yes
ACCT-20836,2021-06-15,Free,Fintech,0.0,0.0,31,3,1,1,681.78,0.0,0.0,Yes
ACCT-20837,2023-10-03,Basic,E-commerce,56.2,674.4,3,5,0,9,519.09,168.6,0.32,No
ACCT-20838,2023-07-05,Professional,Fintech,220.18,2642.16,6,10,1,8,695.24,1321.08,1.9,No
ACCT-20839,2021-05-16,Basic,Manufacturing,45.93,551.16,32,4,0,2,343.06,1469.76,4.28,Yes
ACCT-20840,2022-11-07,Basic,Manufacturing,52.09,625.08,14,3,2,7,525.06,729.26,1.39,No
ACCT-20841,2022-10-08,Basic,EdTech,46.39,556.68,15,1,3,3,380.42,695.85,1.83,Yes
ACCT-20842,2021-10-13,Professional,Healthcare,188.58,2262.96,27,13,1,10,967.01,5091.66,5.27,No
ACCT-20843,2023-10-03,Free,EdTech,0.0,0.0,3,3,4,3,891.52,0.0,0.0,No
ACCT-20844,2021-11-12,Enterprise,EdTech,1104.85,13258.2,26,12,0,7,1407.95,28726.1,20.4,No
ACCT-20845,2022-04-11,Basic,Fintech,46.67,560.04,21,4,4,1,1010.23,980.07,0.97,Yes
ACCT-20846,2021-12-12,Basic,Fintech,54.24,650.88,25,4,6,5,1181.94,1356.0,1.15,No
ACCT-20847,2022-12-07,Free,EdTech,0.0,0.0,13,6,2,2,713.05,0.0,0.0,Yes
ACCT-20848,2021-04-16,Enterprise,E-commerce,1029.54,12354.48,33,9,1,8,420.8,33974.82,80.74,No
ACCT-20849,2021-08-14,Professional,Fintech,193.42,2321.04,29,14,2,10,1015.43,5609.18,5.52,No
